2,3,4,5
11,12
13
15
16
17,18
20
21,23
24,25
26
3
29,30,11,31
16,18,25
33,12
29,4,34,35,36,37
4,39,40,36
33
20,18,41
4
42,43,44
18,45
46
48
29
13
13
51
45,11,18
13,3,16
43
4
12,54
16,55
56,57
16
12
58,13,48,16,40,59
61,35
11,30,37
16,14,9
17
20,55,24
6
16
16,41
56,57
46
22,25
6
4,22,39,27,25
36
34,22
23,37
6
20,18
11,25,12,36,18
33,25,12,38
54
17
25
11
56,57
16
7,11,18,55,54
45,12,40,41
12
46
58,18
57
43,41
15,57
16,40
5
25,11,18,30
37,24
45
33,8
29,33,25,61,37,11,18
24
36,11
48,40
24
16
57,28,54,31
4
22
23
16
36
6,36
16,45,37,36
56
41,24
5,21
37
58,44
4,16,18,12,36
13,48,32
16
37
16
34
40
36
13,23
22
12,47,37
58,6,36
16,55
3,49,48,50,33,18,17,25
16,18,36
22
2,53
13,54,17
13,3,55,23
33
36
41
36,25
55,24
41,40
6
13,18
18
51,18
41
18
16,36
1
10
16,42,36
16,18
44
13,1
16
42
16
16
4
6,31
31
15
16,45,33
59
13,43
23
40
58,44
11,18
45,18
36,59
40,5
3
36,28,33,61,18
6
11
6
37,17
18
46
38
13
16
30,37
16
2,16
36
16
18
40,39,24
6
48,13
11,33
46,7
17
46,36,35,18
16
7,24
33
20
17,37,12
18
40
4
16,38
61,44,11,37,36,18
44,23,57,56,47
15
55
16
27,43
22
18
16,14
29,36,25,12
16,11
36
18,24
4
16
55
13,3
14
4
6
13,12,30,14,1,43,27,40
58,41,18
56,57
13,18
6
8,33,25
3,13,4,18,36
50,11
40,18,56
51
51,41,36
58
45,54
20,8,36
6,45,18
16,45,35,18,10
36
7,44
2,3,1,12,30,25
40,21
1,25,12
48,60,13,27,18,52
40
16
59
13,23,62
24,35
10
31,33
16,30
46
13,39,36
16,22
7
58
18,12,36,11,25
18
58,29,45,30,41,33,18,43
11
16,33,18,11,24
40
20
24
35
18
16,34
3
45,37,27
50,45,11,36,32,12,62
24,5,40
22
11,25
48,13,3
34
39
36
17,22,25,12,39
13,4,11,12
16
49
2
11,18
58
6,36,24
21,40
40
57
17,59,9
7
36
2
40
6,18
18
51
16
56,53
50,51
18
13
29
13,48
15
13
40
39
16,9
6,24
55,11,39
29,33,22
16
11,33,12,18
36
11,36,24
3
36
19
16
16,24
11,39
59
14
6
30
18
18
26,18,35
10
47
36,11
16
16
25,18
6,45
36
19
41
36
51,11,37
55
55,11,18
36,18
54,33,43
3,15
13,31
4
15
36
34,8,22,42,38
41,36
45
3,13
18,38,10
57
58
24
13
29,16
36
26
36
16
45
25,52,11,36,33,12
6
24
15
13,3
58,3,16,18
41
13,51
24,41,23,18
16,24
45
34,6,25,36
51,6,41
3
45
13
23
16
9
36
53,28
55,12
16,11,18
34
43
58,13,42,32
41,24
16
59,9
58,20,6
44,18,11,36
56
23,39,25,35
21,23
12,36
16,23
13
36
13,24
21
51,43
6
13,60,48,49,54
32,36,40
19,39,31
46
58
3,13,48,36,11,37,43
58,50
36
3,13
18
54
4,45,27,32,35,36
58
48,57,56
51
6
3,13,7,16,25
6,54
42
8,17
13
50,35,40
2,48,41,33,11,18
13,3
36
46,11,18
11,18
40
36
45,1,25,33,61,12,11,18,36
38
18
16
49,60,36,31,11
41,10
13,37,12,25,39
36,11,12,18
6,10
4
18,41,37
25,28,43
24
37
4
36
4,16,37,18,36
6,45,61,31,47,18,36,11
24,11,18
40
4
7,24,36,18
16,36,40,18
12
18,37,55,36,25,12,47
18,55
46
17,37
16
49,7
40,44
16,25,27,12,36
26
40,21
31
40
16,36
59
6
49,48,3,13,39
45
39
15,24
36,11
41
24,39
49,43,36,62,28
45
50,17
45,11
45,55
36,43,44
18
41
18,11
3,48
3,35
26
16
19
37,36
4
4
24,37
18
40
58,13,1
24
9
6,36,11,18
20,62,25,12
13
41
6,62,39
18,11
6
13
36
43,11,33,18
16
18
6
5
6,33,28
16,35
55
58,13,36,39
3,6,45
2,24
3,56
59
32
11,39
40
37
55
41
16,37
49
56
3,13,35,9
42
32,61,14,11,9
33
57
13
48,5
22,54
15,47,12
13,54
13,35
51,45,14,35,32
56
17
54,36,41
1,30
36
5,36,11,18
22,1,33,8,43,11,12
7
4
36
37
37,18
36
26
54
41
13
36
14
37
4
13,51
44
18,35
4,6
4
37,11
16
20
23
36,18
5
4,12
3,23
4
59
4,16
44
7
16,18
4
16
54
23,24
45,18,31
16,18,43,31,11
37
41,11,43
3,48,13
36
55,18,61
20,28,25
16
17
59
19
60
23
24
16
16
16,30,52,36,11,12
33,25
18
16,30,11
24
3,31,57
17
4,41
50,60
51
5
16
14
40
55,24
39
53,18,22
58,3,6
4,52,36,24,12
7
18
59
2
24
39,8
6
12,43
16
6,59
18
55
46,36,40,43
3
62
22
58,13
41
18
16
48,3,61
23,57
37
3,13
61
10
41,9
55,39,33,11,37,36
16,45,11,9
53,31,47
62,52,39
29,45
14,18
18
6,18,36
10
18,11,55
40
12
4,36,41
4
20,17,59
40
41
32,35
16
28,43
41
36
46,58
18
58,15,40,31,5
11,12,23,28,37
2
18
36
36
16
16
7,26,56,57
55
20
13
30
30
13,3,34
13
21
43,12,25
34
13,11,25,36,37
45,23
45
28,17
39
36,37
13,11,31,36
56
16
13
49
16
54
43,39
41
4,6
25,55,39,32
15
46
43
29,4,12
49,16,25,11,36,43
33,17
4
31
16
39
3,48,13,36,18,11,21
34
37
2,3,37,40,21,5
45,59
48,27,28,62
11
33,53,12
28,25
58,17
15,11,61,33,9
58
43
4,51
13
21
48,16
7
47,11
49,3,18,25,30,1,12
60
16
52,36,37
11,25,12,1
35
41,32
4,56,57
16
3,13
24
5
4
18,36
15,45,14
49,18
24
24
36,11,18
3,16,12
58,3,13,34,47
3,16
3,13,48,49,36,43,44,18
22
4
36,59
45
13,3,48,36,31
29
16,39,36
3,13,16
34,55
6
39
61,18,14
55
55
16,11,18,37,24
16,12,31
1
58,31
18
16
46
41
18
6
13,23
3,36,12
36
13,19,36,11,27,18
13
6,37,11
41
41
41
5
13,21
4
46,13,3,45,11
6,18
2,6,41
24
14
8
17
13,16,45
6,40
44,18,24
4
49,13,3,41
2,36
37,14,59,4,16
16
24
13,3
54
26,14
36
14
48,49,3,13
54
35
24
57
37
4,36
13,19,18
36
17
21
13,51,11
14,24,37,18,11
6
40,5
55
31,27,55,23
49
13,18
18,39
16,25,12,18,36
16
6,22,36,54
20
11
15,18
1
3,6,36,18
59
58,44
60,37,18,11,25,36
58,56,57,42
56,57,42
4,24
59
19
16
16
21,40
14
20
16,14,18,24,36
47,32,40,5
36
36,10
25,30
40
56
4,43,39,35
36,18
4,24,54
16
6,16
17,37
14
6
13,56
17
2,16
4,35
11
30
29,12,37
36
1,22,25,12,39
49,48,13,3
46,13,56
33,36
59
16
13,18
52,43
51
40
42
50,60
55
37
4,39
61
15
4,36
62
10
13,57
7
34
39
16
47,24,35,38
6,39
47
48,43
17
30
50,13,43,1,25,12
13,40
7
18
16
16,10
58,24
44
3
56,57
17
18
18
36,40
3,13,4,40,32,37,11
43,39
36
58,29,36,18,43
3,25
25
45,5,11,31,35,18,47
37
21
32
32
16,36
3
49,48,51,21,35,11
28
16
16,25,33,35
13
16,11,9
37
6,39
16,5,18,40,55
44
48,35,54,18
59
13
39,25,8
32
11
29,6
7
16
13,3,10,18
49,3,46
36
16,18
46
45
57,39,36
16
25
50
26
50
37,18,33,28
29,12,11,43
5
41
13,55
6
6
26
16,10
13,17
18
6
14
16
2
11,52,18,39
30,39
16,45,32,35
16
13
16
41
39
12,36,35
18,36
41
44
28
18
36,18
1
13
16,36
57
37
36,32
6
44,27
4
3,18
58,16
18,37
45,11,36
18
21
39
16,25
16,17,37,18
13
30,33
41
4
18,12,55
41,33
49
1,25,12
20
6
4,16
16,45,22,11,25,33,61,18,23
20,16
49,13,3,5
55
16
39
51,21,18
24,1,36,18
3,13
23,53
16
40
43
27
2,25,23
40,32
26
33
46,58,43
46,11,36,18,5
4
40
19
37,24
9
56,57
41,44
49,22,14,24,33,11
24
34,40,57,23
18
26
25,33
24
43
5,31,54
58,15,4
36
17
2,48,14
16
53
24
13
48,13
51,12
34
41
16
3,5,40,35,32
7,51,36,18
33,12,43
46,53
16
16,24
31,11,18
18
36
16
35,33,23
40
18,11,61
46,50,58,49,14
20
6,45,24
59
16
60,13,6
43
13,12,27,33,37,11,32
7
52,43,55
46,49,45,28
11
36,18
6
16,10
36,30,12,11,37
45
23,11,14,45
16
3,13,4,51,36,11,23
11
25
43,12
50,45,32,36,43,12
3,48
45,25,33,11,5,55
41,40
49,6
16
23
62,25,12,20
41
13,16,18
38
36,54,18,45,24
6
13,3
40
3
11
16,41
4
36,18,11,41
48
17,9
5,40
6
24,37
19,39,45,32,38
62,45
51,1,45
31,55,12
13
6,35
6,14
16
2,16,12,25,9
25,33
20
16,36,24,18,45
7,4,36,18
16
13
18,52,41,32,35
58,6,36,14,45
3,48,60
12,43,18,11
17
15,26,25,5
16
47
27
13,3,25,33
47,24
19
49,13,3
38,9
29,16,36
6
36
36
54
45,47
12
46
45,35
40
41,11
48,13,16,55,57
18,11
48,3,13
4,41
16
13,16
8
4
18,55
36,35
29
40
19
51
4
13,48,53,56,35,40
48,58,3
54
6,26,36,47,44
23
11,18,25
18
40
14
14
23,33
29
20,35
54
7
15
16,37,18
13,3
25
36,22
6
16,9
51,36,18,39,41,37
7,4,43
33,11,18,25,12,52
33,25
29
18,37
49,3,48,13
28
13
9,10
7
21,5
24
39,11
40
51
13,6
16
17
60,50,3
46,22,57,53,45
35
14,23
37
20,1,18,24
2
13,3,48,16,36,40,5,55,11,21,32,18,24
48,13,16,36
16
6,18
39,18
3
5
43,39,17
46
36
50
50,35
4,51,36
57
23
4
50,60
36
45
16,11,32
60,13,6,18
16
23,62
4,18,54,31,32,41,37
13,3
34
16
16,36,18
30
51,18
36,54,33,18
54,55
48,13
49,3,13
42,43,44
24
16
11,25,28
48,49,50,60,3,13
40
15
6,22
18,45,35
2,50,13
9
62,28,57,35
16,36,10
2
12,18,11
58,21
2,52,41,12,32
36
31
20
6
6
20
46,25
7,45,37
36,18,11,12
14
43,32,41
29,33
16,39
37
6
5,16
13
6,41,36,11
56,40
16,10,9,38
37
13,3,48,44
58,18,47,43
17
25,18
7
12
24,41,45
16,45
7
41
7,41
52,45
50
40
18
52
14,43,28,33,25
13
18
43,33,25,28
36
20
30,40
47
21,5
13
42
16
9
46
4
45
36
33,11,22
16
18,57
4
3,31,12
13,56
36
2,43,44,8
2
15
16,35
16,45
16
24
29,16,36,37
4,11,47
16,36
54
7,36,11,12
15,7
36,35,39
3,49
48,43,22,8,61,33
45
55
12,33,55
27
51
44
17
47,52,12
41
50,16,33,22,24,18
16
58,14
39
36
4
23
16
13,58,3
18
16
61
16
4
50
4
13
4
10
36,11,24
6,24
16,11,45
13,3,37
9
13,16,55,25
37
16
55
16,31,12
16,37
51,16,36,26,17,11,18,10
45,18,35
16
19
16
36
6
23
16
41
26,43
6
3,52,11,18
43
45
16,36,37
11,40,24,18,5
41
20
43,44,33,18,45,14
24
13
13,16,36,18
16,36,11
13,3
42
16,36
16
13
13,19,18
16,26,44,17,43
45
16
39
2,18
55,45
29,12,45,41
29,19
45,24
16
44
3,13,36,55,54
46,7,16,5,21
4
18
59
34
24,25
48,13,16
16,36
55
16,10
59,37,35
4,32,25,33,8
3
16,24
43,25
39,45,18
4
16
46,42
13,3
13,16
13,25
18,35
16
58,3,48
25
37,40
46,43
36,32,35,45,37
4
10
37
43,39
22
46
18
16,10
14
25
35
13,48,6,33,61,18
35,24
40
42,10
3
18
13,7,61,14,33,18
3,13,26
44
5,39,57,40,23
6
7
23,31,33,25,24,18
18,11
54,61,18,11,45,24
28
18,40
16
4,21
21
31
36,11,12
50
13,3,22,23,25
52,11
16
41,30
58
2,55,24,14
16,20
56
16,17
13,36,40
53,56
36,30,12,11
38,9
13,49
4,41,36,24,10
14
42,12
17
4
51
9
16
24,20
39
13,50,57
24
40,5
8,33
13,16
33,61,35
36,41,24
60
12
36
16,45
36,30,52,18,11,41
18,39
13,36,43,37
26
45
41
24
18
55,45
4,41,36,12,52,18
16
16
39
4,5,21,33
13,48
59
19
23
3,36,61,45,33,18
4
40
13,3,48,18
6,57
16,14
45
57
23
16
2
24,40
58
25
29
16,32,38
13
16
39
50,60,12,11,39
58,42
36
16,41
58
28
41,24
58,25,55
41
36,18
34
55
3
11,12
45
4,16
39
3
48,3,13
16,18
37
36,45,18
30,25,12,11
16,33,18
13,3,36
58,50
56
13
57
6
34
12
16,36,45
36
13
7
18
48,3
55
35,45
2
6
36
2
13,3,62
37
18,55
40,43
37
48,39,33,37
36,18
11
19,55,12
36
51
46
7
16,59
15,25
40
45
59
40,33
34
18
2
40,62
15
39
16
46
18
36,43
4
44,57,30
32
38
33,45
13
59
36
39
36,45,35,44
16
17
13,48,6,41,11,30
16
16,1,22,43,39
2,11
50,36,24
31
49,13,60
55
18
6
36
13,49,3
36,43,44
16
25
16,25,18
9
16
6,10
57
36
16
37
27
58,11
41,43,40
51,11
53
24
4
16
16,18,9
3,13,41,12,1,39,11,18
4,26,18
4
28
36
31,1,41
11
43
18,41
40,37
12
18
35
16,36,56,35,18
61,55,18
43
36,18,45
49,36,44,30,52,8,33,25,11,18
25
18,24
16
51,34,16
13,50,18
6
57
45
19,47
7
62,42
16,36,37,24
20
23
6,37
48,13
58,48,61
13
16
3
56,42
55
4
51,55,18
13,3
59
16,24,41,40,43
48,20,45,43,39
4
36,56,61,24,43
11,37
17
10
36,11,18
3,16,35
57
36,14
3,49
29,36,47
3
54
20,22,9
18
35
4
40
16
27
48,13,7
54
8,33,41
6
13,3,49
14
4
12,8
36,23
34,36
33
16
16
36
48,58,13
51
55,18
18,39
4
43,12
16,18
46,4
15,36,27,54,35
39
16
55
46
27
36,40,37
36
48,13
11,18
48,3
16,6,30,45,35,55
18
3
45
41
35
32
12,11,25,37
55,61,18
18
29,6,43,55
16,36,18,38
16,14
6,37
16,11,9
16
16,10
41
4
23,24,33
58,40
26
4
4,20,37,18
17
47
37
40,21
58
34,42
14
3,13,58
36
14
28,25
16
16,18,55
4,24
4
43,12,41
6
16
7
6,45
4
62,57,42
52
16,18
3,13,11
58
20
2,36,52,12,11,18
16,26
48,3,13
36,45,55
36
39
50,3,49,39,41
42
13,37,9
45
36,12,52,24
29,38
36,42,21
29
45
40
26,23
16
6,11,18
19,36,14
36,45,35,32
49,13,3,31,8,33,25
36,39,37,40,25,45,41
14
36,39,45
48,13
36
15
46,48,35
40,55,45,25
18,14,22,59
16
3,13
16,1,41,11
24
3,13
6,24
17
6,36,52,18
4
36
4,16
43
2
54
17
13,25,33,12
16,10,30
51,52,43
36,57
37
29,6
2,12
9
15
18,11
22
16
45
16
48,3
11,32,35
25
51
4,16,55,35,18,45,38
25
60
16,24
25,24
29
40
41
13,11,12,5,21,40
16
41
34
36
52
13,25
28
43
2,4,11,24,30,25,12,18
24
36,12
7
6
36,45
21
36,18
2
13
51,18
9
13
5,40,21
14
26
6
18,25
16
20,18
38
2,13,33,8
7,21
29,55,37
16,10
45
39
40
13,48
51
12
29,36
1
41
36
16,18,45
45,8,52
36,32,35,45,11,18
6,36,18
4,16,36,45,18
54,61
36,24,31,18
17
13,48,15,53,24,11,18,54
6
34
40
16,62,8
13,4,35,36
29,40,21,5,12,37,18
45,11
58,57,40
12,52,1
3,11
21,40
46
16,12
45
43
33,61,11,25
2
33
6
16
55
36,18,5,21
6
19,45,31,40
41
48,13,16
36,12,18
6
49,29,36,31
41,16
56
20,36,21
6,39
41
35,18
33,30,24
46
3
51
41,14
15
3,13,18,39
20
48,13,3,39
46
6,18,35,25
29,36,11,18
16
40
3
48
16
45
16
40,32
18
40,55
46,13,29
16,36
20
6
12
9
62
52
16
47
16,10
16,18
36
36,24
18
58,61
11,18
13,3,16
54
38
16
16
25,33
11,54,18,14
13
16,40,43
57
16,45,36,18
23,56,57
18,36
16,36,31,43,18,33,27,12
18
57
16
16,11,25,43,37,12
8,39,54,30
58
16
16
14
51
38
36,25,33
37,11,18
26
5
37
29
16,36,37
15,6,45
16,36,45,37,11,33,25,31
16,24
33,28,25
17
2,10,11
6
51,18,12,43,39
24,11,18
11
16
24
42
8
11
36,54,11,18
26,36,11,18,5
43
14
24
31
16
41
35
16
35,30
13,35
36,52,11,18
6,52,9
2,6,12,1,55,18,11
16
37,55
16,33
16,36,18,11
4
6,16
16,45,54
4
50,16
41
18,37
55
13,48,33,25
18
22,1,25,36,39,5,12,9
6,9
16
13,3,48
11,12,18
18
6
18
16,22,10
47,18,45
7
13,3,16,44
18,37,11
14
36
7
16,18
39,54,41,62
16
18
6
16,33,22
13,48
13
57,37
16,54,55,39
3
18
53,23,39
16
11,41
16
26,18
45
58,15,45,42,31
58,42
39,22,18
3
4,6
2,11
13,3,61,45,11
7
31
45
59
3
4
36,40,61,45,35,18,33,10
2,36,43
43,45
41,38
54
16
58,31
27,43,18
3,13,36,14,12,11
36
36
44
16
20
33,17,41
16,36
11
44
29,16,36,55,35
11
18
57,54,28,45
36
29,15
16
4
18
14
4
12,18,41,24,36
2,29,19,30,43,44,27,12,18,33,28,37,11,39
40
36
58
29
36,37
12
4
16
56
7,35,52
40
42,56
14
53
46,58,53
16
2
4,45
20,11,12,32
6
16
4,18
36,11
16
36,33
40,24,10
24
16
16
26,24
8,25
16
24
46
16,24,14
16,44,18,24,11
57
21
62
16
16,36,18
59
53,31,17
2,36,30,12,43,33,11
16
6
36
21,5
9
53
46,50
33,25
13
25,12
24
48,3,36,17
49,13,48
36,12,18,41,6
36,31,18
16
6
15
36,52,43
47
58
45
31,18
31
36,44
50,36,43,44,41
35
18
45
15,16,10
3,27
4,28,25,8,33,52,18,11,30
24
24,11,18,62
48,13,6,36,37,62,61,11,18
16
35,39
2
2
48,3,20
59
46,15,22,24,39
16,36
4,45
55
51,36
16
36
21,5,40
36
16
23
18,59
20
36,12
18
16
18
60,45
36,18,11,55,44
34,36
61,11,18
13,3
55
7,55,38
40,47,9
46,16
46
19,8
24
41
6
4
57,42
56,42
18
36,18
41
44,47
16,45
36,32,40
40,5,47
16
61,33
16,32
16
46,40
48,13,16,36
49
40
17,36,31,44,18
16
29,52,33,12,25
36
6,31
26
16,37
48,50,56,57,37
18,37,11
41
13,48,52,44
4,39,57
42
16
51
18
11
2,29,16,55,12,33,25
6,29
16
58
6
61,55,11,18
45
44,56
18,24
34,23,53
20,25
43,18,61,11
43
36
46,13
36,35
8
55,21,41,40
17
13
36,25,12,11
48,3
7,17
35,10
36
16
36,35,18,41,45
36
41
40
17,33,11
13,3
6,45
19
46
22
6
28
6,55
18
6,18
62
40
13,16,11,12
35,57
40
16,45
41
13,3
16
4,16,23
62,45,52,37
3
38
11
36
4
43
3
16,36,11,43,19
16,59
15,42,5,39
17,5
25,18
36,37,12
16
18
13
51
3,45
34,11
16,45,42,37,11,10
47,44
33,40
3,14
35
2,48,16,36,18,22
36,10
16
5
50
16
11
6
4
6
37
51,41
37
43
49
48,55
36
4
13,34,16,53
11
29
40
45,1
17
4,51
4
59
48,6,41,18,35
16
3,59
37
24,40
4
39
16
6
16,33,11,18
30,40
13,16,36,43,39
20
6
49,13,6,11
50,3,31,37,43,18,11
46,11,18
13,31
2,36,25,33,28
46,11
7,41
13,49,27,31,11,35
25
3,13,16
45
51
16
51
58,43
13,3,6
58,45,18
18,28,31
16
45,24
4
36
13,3
5
37
43
3,13,36
2,37
49,13,16
34
34,36,11,12,43,18,40
27
17
2,16
29,6,36,33,11,30,52,1,8,12,22,18
16
45
49,27
25
17,39
45,18
34,18
36
13,48,36,18
13,31,56
13
39
17
41,43
39
6,53,35
41
6,36
59
40
48,3,13,34,16
34
41,11,9
58
37
2,36,11,27
18
1,11
12,33,25
3,12,18,24
40
7,16
28,39
41
45,11
37,16,36,14
34,36
12
49
16,24,38
45
6,36,43
18
49,18,45
4,18
16
6,37
42
61
16
43
36
13,12,44,37
16
16,39
4
40
45,47
16
36,31,33
58,6
54
6,11,47,37
12
26
47
33,25
18
40
18
29,4,62,39,12,30,25,18,38
13
6
55
7,45,11
16,56,57
16
39,18
16,18
57
49,13,58,42
40
32
36
43
45
61,11,18
16
16
41,45,24
47,43
1
24
34,40
16
7,39,37
34
48,60
45
58,40,35,45,44,59,10
58,23
16
16
4,16
3,13,34,40
6
33
15,16,14,41,9
15,24,17
39
35,61
35,1
16
62
19,35,45
15
60
55
40
16
22
62,25,41
6
34,17
13,48,36,53,41
27,17,37
10
4
24
24,11,32,18
36
13,6
3,13,16,36,18
4,33,37,61,18,11,10
38
16
16
29,44
6,56
18
49,31,40,14,39,10
13
40
4,57,36
48,49
46,45
58,34,31,44
16
2,17
24
16
29
13
37
46
36
57
13,3
13
24
16
40
5,21,40
36,31,56,57
49,13,62,12,35
17
48,3,50,60,41,36,27,25,11
36,32,35,55,45,18
37
2,39
58,3,13,48
4
4
36
13,3,48,25,33,59,9
13,58,36
46,37
17
18
13,3,4,23
34
29
36
60
16
19,55
16
13,16,51,36,31,11,33,8,54
33
10
43
36,1,43
51
3,13,48,5,18,40
58
37
60,16,25,10
33,37
6,37
3,13,6
48,13,6,18,35,56
24
3,48,13,29
44,25
16
7,16
11,61
16,36,45
16
6,11,37
40
36,12,24
15
41
16
16
24,40
12,11
5,40
24
55,33
51,43,12
29
45,11
8
35,45,18
16,10
55
6
4,42
16,18
18
43,18
53
13
10
40,5,47
16,36
16,12,39,24
41,6,25,24
37,23
47
52,37,31,12
20,18,25,61,22,39,33,11
16,36,18
16
16,18
33,28
36,32
51,39
16
57
36,11,12,25,18
40
36,18
3
13,3
16
48,3,13
48,3
61,18,41
41
3
35
53,57
12
13
7
16,45,35,59,55
15,37,47
16
13
16,21,42
58,4
48
57
2
36,41
34
4
4
36,41
6
4,16,12,11,25,33
16
46,57
26
58
4,51,6,16,17,52,12,18
12
36,24
48,13
7
3,32,35
43
3,13
3
16
25,33,45
16,8
44
39,25
18,59,17
16,36,24
49,16,22,61,18,24
3,36,39,18
13,37
16
10,57
41,25
18
23
36,22
10
54,55
6
52
20
4,11,47
6,24
36
16,26,44,17,43
48,13,16
4
56
16
4
39
54
36
46,4,16,37
36,11,18
58,5,39,40,43,47
21
46
36
3
40
4
13,48,53,21
36,18
16,36,37,18,35
36
36,43,25,11,18
16
6,33
17
23,42
34
16,37
37
2,41
16,36,54,24,61,31,18,11
13,3
11
13,16
45
6
5
25,33
13,48,3
62
16,24,47,44,37
58,25
6
13,24,54
13,48
7
16
26
37
40
16,10
41,4
51,30,18
36,35,40
40
16
36,22,61,18
44,47
21
48,3,13
58,16,44
4
46
62
4,16,18
55
11
36,45
27
18
33
60,50,19,5,24
36
44
17
16
3,13
16
18
16,10
16
61,11
58,41,43,30
11,12,33,18,21,5
3,49
42
41
45
25,54
38
16,55
36,41
50,60,1,31,41
3,48
51
40
4
36,45
58,27
18
16,37
59,37
16,39
16,24,9
61
37,36,56,24
35
6
16
24,35
37
34
39
11
21,40
49,13,37,57
16,36,45,35
59
59
48,50,3,11,12,37,25
16,41
7
16
13,59,24
48,13,5
7,36,10
24
10
11,39,12,44
13,48,3,16,12,25,33,11,14,18
13,3,16
47
16
60,13
51,41,16
62
16
5
2,37,44
38
40
16,37,18,38
36
39
55
16,18
60,35
41
13
16,18
40
13,16,17
37
16
6
58,29,20
4
36
57,56
18
48,25
16
6
43
37
45,55,24,37
6,36
4,51
13,23,5
40
37
37
26,62
24
16,38
56
16,33,31,11
13
16
46,2,59
20
4
20
48,13,34,36,33
62,43
36,41,8,24,18,11
36,41,44,25
36,31,45,35
43
16,12,18,43,11
48,3
36,18,11,12
3,36
55
12,43,39
20
5,12
13,3
6,57
56,57
30
13
11
56
7
55
6
59
36,45,32
13
46,26,53
11
51
16,38
62
19,21,40,47
57
15,17,45
37,43,30
35
18
35,11,18
4
26,45
54,33,8
2
49,48,13
35
1
36
15,36,45
16,38
16,55,56,25,33,41
52,30,25
40
16
13
20
13
13,36,18
12
13
3,13
36,11
16
19
17
16,10
35,9
18
16
40
36
36,18,41,25,33
56
16,38
14
13,35
18
16,36,18
18,45
31
17
24
37
38
22
13
13,3,6
36
19
16,17,33,18
19
36
36
33,45,55
4,43,47
6
20,6
16,6,25,33
18
7,26
6,14
46,16
31
36
4
50
3
3
49
37,9
49,4,27
9
6
57
16,42,55,22
41,31
16,32
21
16
18
3,11,54
14
12
16
58
16
48,13,55,18
3,6
13
16,52,12,9
33
13
36
36,11
41,9
60,29,43,14,18
55
36
3,13
2,11
23
16
3,48,11,54
13,3,45
23
2,19,11,45,52,35,55,20,12
37
16,14,40
12
18
40
25,18
18
10
1,25,18
35
10
13,3,48
48
16,11,18,35
16
45
49,48,3,51,36,54,11,18
3,13
47,45,9
16
48,18
17
3,49,36
13,45
60,62
36,45
19,36,39
36
46,25
44,11
32
62,28
39,37,25
13,48,3
17
16,10,38
11,18
4,24,45,12
53,62,55
40,21
4,6,55,18
51
6,36,32,45
25,53
11
16
35
58,1
37
14
35,18
13
6,18
25
59,36,18,11,45
41
36,40
29,36,35
4,9,38
4
13,12,35
39
39
6
26
24,43
10
3,13
18
40
16
16
54,31
26,43
36
16,45
16,40
54
16
16
12
58,51,16,1,12,39,43
17,5
29
16
2,45,18
18
51
16
10
24
2,13,37
16
36
6,45
49
32,55,33,24
12,1,39,25
13,3
22,10
4
56,53
16
6,45
7
16,10
24
13
26
58
37,24,41,43
56
2,16,11,12,18,37
18
15
4
27
36,11
15
4
18,11,61
60,16
36,21,40
54,33
17
21,5,40
4
47
37
44,37
35
7,16
28,12,11
6
8
20
25,18
36
19
3
25
16
3,12
37
39
13
11
18,54
16
16,36,11
41
48,3,13,16,25
6
59
61
46,15
2
3,33
44,40
11
4,12,33
6
6,32
36,14,31,35,30,61,52
41,47
26
16
52,61,18,11
18
62
5,40
40
55
3
17
40
16
6,16,36
16,6
23,57,43
41
39
31
36,37
16
48,3,36,35
16
22
11
41
6
37
16
15
36
6
16
18
16
27
45,39
17
8
25,11,12
24
4
3,16
36,59
45
39
55
41
13
41
5
13,21
4
46,13,3,11,45
2,6,41
14
13,16,45
13,3
54
36
35
24
57
16,12
4,36
36
13,51,11
40,5
49
16,36,25,12,18
60
34,21,10
8,23,41
59
41
19
6
21,40
4,12,39
4,18
36
25,30
16
40
16
49,3,13,57
16
6,16
24
41
14
36,44,39,11,18
46,53
16,18
52,41
41
35,56,25,42
6,16,25,33
3,13,48,26,18,12
39
5,21
39
6
3
16,39,11,45
36,45,18,61,33
25,33,18,38
26
16
41
24
36
46,42,56,57,37
17,11,59
40,53
16
16
36,45
21,5,40
29,23
37
22,39,1,30,12,25,24
58
13
13
6
18
18,11,27
6,43
16,36
35,47
37
42
16
36,11
48,10
46,3,48,13
50,36,18,25,12
2
2
41
25
36
31,52,11,41,24
12,43,30,11
13
16
36
24
25
3,48
29,12
49,8,18
13,19,36,18
18
16,36,54,32,35,45
16
48,13
39
16
36,11,18,37
46,16,40,21,5
36,11,12
54
31
41
18,11,25
6
16
37,24
6,11,25,44
40
6
16
14,9
51,16
13,48
13,16
36,45,35,32,62
41
33,39
16
41
14
62
36,17,30,52
36,35
7,36
13,1,22,43,47
4
36
30
41
24
16
19,54,52
6,12
16
58
45
59,41
16,11,18
23
16
44,25,8,33,11
37,11
7,26,18,37,24,54
3,40
41
16
24,18,55
18
16
53
19
25,39
40
36,12,33,25,11,18
6
46,49
23
16
6
36,47,44,18,52,12,31
16,33,11,18,24
16,36,18,24,10
18
18,11
36,11,22
16,45
16,26,25,18
16
24
16
41,10
24
6
16
16
2,24,18,41
14,18
2
49,25,33
16,40,43
24
16,14,41
6
36,11
24
6
37,18,11,14
24
6,10
41
24,14
18
6,16
36
1
18,41,24
33,24
16,18,11,24
27
41
16,26,36,18,11,43,9
6,40,5,21,41,11
46,57,37
29
33,11,45,22,18,9
2,7,37
16
6
16
16,18
3,13
18,24,11,9
36,54,22,61,33
11,18
36
13,49,19,29,11,12,33,28,37,18
41
41,16,36,11,24,18,25
36,41
18
16
41
18
20
16,10
24
9
6
19,36,11,18
16,18
20
14
20,25
24
16
2,11
30
24,14
36,40
14
11,55,18
46,36,43
18
37
43
36,18,11
10
10
59
2,18,24
11
16
25,54
16,59
16
6
29
41
6,16
16,18
24
18
4
10,16
22
49
43
16
16,54,18,33
20
16
16
16
27
61
14,11,30,18,24
6,33,18
36
36,18,41
16,10
6,18
16,22
11
18
24
28,10
58
16,14,24
6
50,16,18
29,11,37,14,25
16,36,28,52,11
24,18,11,12,25,33
16,36,11,18,41,24,9
36,11,18
45,41
18,14
18
24
32
36,24,45
13,3
43
51,62
36,33,14
2,30
6
6
6
18
58,36
32,10
16
4
11,18
16
16,45,14,18
16,43,11
6,22
11
20
16,41
16,36
16,18
16
16
33
28,11
36,18
58
30,54,11
28,33,61,18
58,18
16,36,28,24
16,37,24
37
16,14,24,18
2,19,16,14
11,18
16
12,11,18,43
16,9
16,24,11,18,14
6
16,6,36,11,18,10
16
14,37,18,59
16
41
55
24
16,24
36,11,18
12
16,22
16,24,11,9,10
24
18
16,37
16
36,18
16
16,36,11,24,18
37
11,35,45,18
44,14
11
16
20
31,11
36,18
4,16,10,52,11,14
41,24
34
16,6
6
16
6,37
18,42
16
37
61,54,18,45
20,16,10
16
36
16
16
16,35,31,10
24,10
16,36,18
16,45,37,14,18
40,37,45
22,43
20,10
24
36,14,24,11,18
16,12
6,40,24
22,11,33
41,24,10
6
27,12
19
16
54
6
16,41
36,18,54,59
45
16
24,17
36
16,18
16
20,16,37,18
24
36
16
36,24,14,10
14,24
6,18,38,10
45,37,11
36,43,11,18
32
12,33,42
51,54
26
25,28
36
13,19,36,18,11
16,10
16
40
10
36
24,18
11,24
24,10
11,18
16
7,16,45,18,11,54
18,43,11,52
2,37,33
52,11,18
16
41
18
49,48,3,13,18
45,35,40,24
4
16
6
51,36,8,23,39
42,27
46,11,43
7
18,37
3,48,13
16
51
46,48
57
24,37
19,29,28,39
36,39
16,36
13
13,23
15
40,5
13,3,25,24
50,5,35,40,32
23,31
18,37,45
41
37,39
48
25
40,54,24,45
4
16
6,36,45
5
41
13
11
39,40
2,36
13,6,18
18
40
11
16
16
4
16
40
62
6,45
37
19,18,39
13
24,37
41,36
13
6,36,45,55
35,32
50,48,49,13,16
46
4
61,33
46,12,40
58,31
23
49,13
60,6
49
13
13,3,41
18
33,28
18
36,25
3
4,17
6
34
24
16
16,62
3,34,36
2,13,3,16,33,25
50,18
13
18
16
10
45,55,39
31
9
31
16
36,11
6,36,12,27
3,13,36,14,12,11
16
45,23
2,25
58,13,16,28,31
13
50
16,11,55
45,22
27
18
35
6
29,44,24,12,47,55,9
36,44
3
25,12,17,44,18
25,12,52,18,61,24
16,36,11,45,35,37
36
16
36,23
27
46,58,26,42
57
19,39
24
49,4,25,41
13,40
39
46
16,45
5,40,21
6,25,12
16,41
13,3,60
40
6
36,25,14
43
6,36,45
32,45,11,33
62,28
58,36,55,31,47,45,11,44
26
44
55
33
33
36,11
58,16,39,18
49,48,26,41,18
51
2,6,16,36,54,25,11,12,18
32,45,22
17
17,45,10
4,18,30
24
55,11,18,12,47
36,18,61
36,18
18,11
2
23,45,55
36
24
29,36,33,12,23,11,52
13
16,36,18
39,22
16
60,16,45,47,35
45,54
31,47
24
28,62
24
40,5
4
41
8,9
29
13
48,13,3,58
33,32,45
15
16,17
36
42
19,24,41,9
20
16,36,33,11,18
36,24,18,45
12,1,41,21
28,18
36
16
36,45,11
6
16
18,37,11
4
18
2,16,18
58
19
5
24
37
43,44
48,13,3
4
48,13
18
6
48,34
4
29,36
25
6
39
18
16
36,25
39
50
59
16
7,29,36,25
16
17
32
3,47
16,42
11
41,12,39,18
13,25
16,36,35
16
34
3,27
16,18
36
41
6
36,14,18
16,26,1,39,24,38
4,34
18,39,1,25,62
54,18,24
58,42
49,13
62
34
18,45
18
48
16,18
36
27
36
48,13
17
10
40
16
7,42,39
29,25
16
52,25,12,40
16,18,45
18
16
20
16
16,24,33,45,61,40,55
44,25
12,25
6
58,16,11,18,25,37,43
39
58
12,55
57,42,46
6
3,48,13,16,24
16
36
29,36,11,18,40,31,62,37
49,23
16,36,35
16,18,14
6
11,1,25
56,35
24,38
58,31,41,9
53
15
14
56
16
16
35,18,11
11
16
16,41
55
58,48
45,55,37
33
43
16
13,48,3
36,45,9
62,10
41
10
46,15,16,26,37
36,11
60,13,41,16,35,18
51,16
26
14
35
6
40
55
17
20,43
48,30,40
37
45,36,37,40,18
11,18
45
46,53,24
6
62,56,57
57
14
58,42
36
40
49,7
53
4
10
15,53,62,40
13
3,13
48,13,36,45
36
16,37
6
16
4
19,12,52,11,18,36
9
4,7
56
49,36,25,6
34
16,35,36
46,56
15
18
18
45
39,41
1,10
7
59,41
12,37
54
14
5,21
9
16,18,36
48,13
59
35
45,11,5
29
51
6
36,11
58,28,24,39
42
45,18
16
13,3,52,30
56
4,5,21,40
41
16
35
43
12,25,43
16
16
58,13,16,54,8,25,18,33,17,9,38
16
46,13,3,48,15
17
12,11,36,18
55
16
5,44,40
16
45
2,37
61
52,12
30,18
13
56,42
29,16,44,20,39,55,27,45,24
16
16,45,36,18
16
16
50
29,33
43
48,13,3,11,18,62,57
18
33,11,47
46,11,57,18
24
4
24
36,14
25
13,3
30,27,36
37,18
25
43
24
6
16,9
45,18,36,35
16,6
17
16,31,33,35
38
37
16
4
37
50,13
36
56,37
19,14
55
34,6
4,16
27
58
19
48,34
13,3
35,36
7,6
46,15,62
16
56
18
19
22,18
58,48,44
16
57
54,41
39
43,25
16
4,18
36
23
18
35
3,5,36
22
16
39
36
41
42,37
16
40
48,13
5
37
6,22,54,27,36,32
25,37
57
41,18
6
37
6
4,26,31,47,24,18,12
24,36
16
29
18
56
7
3,13
12
10
36
30,25,33,28,8,41
33
3,36,37
29
49,17
39
31,54
52
6
41
46,60
59
17
48,3
57
51,39
16
45,12,35,36,18,11,25,33
19,44,39,24
13,3
6
40,44
34,17
43
51
12
16,25,12,18,36
4
4
16
13
51,45,12,36
16
37
7,45,14,9
31,12,1
41,18
51,21
1,25,12,43,18,11
16
37,18
6
39
25
16,37
59
13
11,36
12,11,18,9
2,51,62,55,24
28
33
43,47,42,57
37
49,3
6,36,18
28
24
48,13,3,49,52,30,18,31
4
16
36
4,6,22,18,25
6
16,36
41
16
58,53,40
49,48,3,60
40
27,31,43,10
16
13,33,1,37,12,52,43,39
16
51,52,11,36,30
37,18,24
33,12,11
43,18
6
16,14
1
49,3,13
20
2,13
34
17,37
16,9,10
43,39,11,36
17,53
41
16
50,30,25
45
48,13
7,4
7
43
36
16
31,12,28,18,41
11,37
40,21
46,36,33,18,37
5,40
61,18
2,27,52,31
24
16
11
22,10
18
16,41
16,10
12
16,18,31
41
16
3
24
16
41
39,12,25,22
34
37
4,26,31,41
36
18,37,36,11
24
16,52
16
4
9
16,36,18,11
6,18,36
4
18,37,11
43
16,38,10
46,37
41,61,11,37,18
27,39
49,13,3,6
36,18,61
16
16
35,25
16,45,18,43
16,36,54,18
6,32,36
45,36,18
36,18
18,14
56
51,39
46
45,36,30,37
6,59
20
18,36,24,16,54
13,16
2
33,11,37
16
43
16
16
43
6,37,11,18,9
6
13
4
45
19
16
45
61,52,27,12,11
2
55,24
24
18
6
36
45,18
45
27
48
46
6,11,37,18
3,48,28
3,13,18
43
41
17
4,16
16
55,36,40,35
13,49,6,18,41,43
4,36
5
20
40
60
11,18
40
41,47,18
32
16,18
27,24
50,58
16,36
16
24
47
16,45,27
16
48
51,39,36,52
45,18
4,19
45
18,41
4,41,18
11,40
16,36
59
37,56
18
2
38
48,3,50,60
32,40,18,11
54,61,18
46
16
45,36
35
50
40
45,5,24
6
16,41
26,8,39
18
11
7,16
36
45
13
44
13,60
16
3,56
21
16
36,35
16,24
16
13,35
7,11,36,55
24
53
16
16
60,7
45,36
6
53
56
50,48,13,16,62,30,33
3
13,3
15,20,37
13,45,21,35
4
36
13
17,54,21,18
16
46
13
45,8,32,35,33,25,18
17
41
45,59
41,24
18
2
32
31
48
17
41
16
54,1,25
36
16
4,16
41,11,24
25
11
22
18,36,43,44,38
21
17
4
36
4
45,10
37
16
1,33,25,12,43
4,16
6
4
40
46,40,57
39
3,13,25,12
16,54
17
24
59,61
36
46,49,16
58,16,22,11
55
18
19,14
43,42,39,25
34,35,36
16
24
40
36
16
13,18
29,6,36
3,43,11,12,24
45,36
48
13
16
45,40,39,36
6
6,45,55
39,36,40
13
13
33
50,42,25,62
16
36
18
42
36,18,54,22
24
18
3,13
16
40
29,16,17
45
45,22,35
39,11,37
49,48,13
45
19
13,43
27,36
12,52,18,36,27
45,18
36
16
51
4
44
20,31
51
13
58
58
3,13
49
45,36,32,35
49,48
17
24,11,18
37
41,18
28
16
22
4,16,11,39
44
4,35
16
16
48,3
16
16
16
6
4
13,48
35
39,37
50,51,35,18,9
2
49,12
33
20
34
6
16
3,13,45,37,35
36
46
36
16
16
56
6,45,36
40,21,5
18
16
16,51,43
13,25,33,37,40
7
4,19
4
49
13
13,29,6
13,3,48,10
15
4,5
4
45,35
57,40
21,18
56
31
45
49,6
46,44,62
29,1,33,25,36,43
24
62
41
36,25
16,36,11
61
27
48,41
7,39
4
30,12,21
10
53
36
4,16
33,35
16,36
16
43
11,18,36
16
16,36,18
12,11
23
25
46
20
35
11,55
36,30,18
16
22,33
18,52,1,28,33
58,56
49,13,61,33,11,43,38
46,19
18
36
48,13,60,50,33
30
13
23,24,55
9,38
39,47,22
46,56,5,53,40
15,43
17,40
18
54,59,11,10,38
16,11,28
58,16
13,48,3
13,48,16,11,37
16,45
16,37
17
34
16
26
8,33,11,18
45
4,28,16,42,25
16,10
13,25,12,30,40
16
13,5,36,11,37
58,57,24
23,28,52
13,16,11,36,18
48
27
6,40,39,24
20
17
45,54
49,13
7
6,18
56
10
12
34,24
16,17
47
41,45,18
49,13
28
19,8,25
17
43
34,16
13
46,54
6
29
21
61,22
19
46,48,13,3
41
16
4
13,3,49
20
10
45,18,9
17
37,36
16,45,35,18
56,25,32,36,10
11
36
47
3
18
3
17
16
59
36,45
46,41,36,53,21,31
1
19
16,25,36
16,59
15
6,39,33,36
46,8,33,27
16
3
45,36
46,3,15,43,56
8,24
1,33
56,57,42
7
33
40
15
17
4
12
44,37
35
33,12
16
13,39
4
36,32,11
41
49,50,3,53
4,41,43,30
16,18
25
16
48
16,12,18,43,11
39
40
6
22
18
36,8,25,33,18,11
33,37,39,18
48,45,62,25,35
46,31,62,53,44
36,18
22,33,18,36
48,3,13,16
50
6,39,12
16,6
4,18
35
34,16,45,11,23,36,14,24
6,59,18
4
16
37
11,18
40,21
3,24
35
59
34
6,23
3,13,16
3,16,45,33,11,37,35
24
13,16,54
43,12,39,10
20,6,43
49,51,12,43,36
16,45,18,32
16
13,49,44,11,10
27
20,26
15
6
36,18,25
61,25,37,1,33,11,18
17
25
42
14
40,5
13,6,36,24
2
58,62,18
45,33
3
13,48,37,36,12
30
16,11,33,61,18,55,59,10
18
40
48,13
16
16,36,43,18,59
40
46,40,35
55
57,56,23
14
16
47
4
33
55
6
3,13
12
40,21
13
57
59
16
11
46
13,16,57,18
34
24
16,11,12,18
13,3,48
58,44
19,30,12,18,11,33
36,12,18
46
6
13,3,48,12
43,39
34,11
44
28,11,9
18,37
29
4
60
4,23,40,54
41,30,11
16
35
11,18
16,36,11,18
36
56,53,57
16,14,18
38
4,16
48,13,54
40
2,24
13,45
32,45
14
3,41,36,18,24
11,55
7
16
42,44
13
16
24
43
3,16,24,11
22,61,18
55
30
12,37
59,18
16
29
35
43,47
6,21
16
16
46,40,37
26,5,25,21
16
29,21
36
18
36
16
41,11,54
14
18
49,3,18,1
19,37,18
13,56
16,40,55,54,61,45,10
19,11,18
9
13,60,51
36,41,28,54,18,24,37
52
3,58
33,11
5,57
16
4
6
5,40
16
16
8,33,25
3,16
25
13,45
4
10
13,36,12,18
13
40,18,47
51
43
48
11
55
37
60
48,3,4,12
16
2,20,45,52,12,33
42,45
41
6
5,24,39
34,44
57
16
48,13,3
3,13,25
56,25
4,33,11
4
14,41
3,13,48,16
38
40
16,18
33,45
23,52
28
39
18
4
22
45,1,40
18
52,18,11,36
46,13,3
49,6
6
59
24,55,25,11
16,32
36
41,17,11
43
16
48,3
36,43
33
39,45
36,45,18
58,31
16
56
6
43,35
18
6
16,28,33
23,61,22,1,33,11,17
16,37
41,36,52,45
36,40,21
4
18
48,3,13,16,25
51
16
40
40
57
4
57,56
34
18
13,48
4
34,45
13
4,39
11,18
13,4,47
25,18
58,36,43
17
3,34,31,18,36
13
54,18
51
10
33,10
3,4,6,36
13,48,3,32,36
3
58,51,36,43,18
46
36,54,11
59
3
4,16
4
24,55
45
24,55
36
41
16
51,36
36,45
16
36
46,1,25
25
16,59,18,35
38
29
46
29,27
25
54
40,37,11
18
55
2,31
29,36,10
4,16,18,37
54
4
43
18
40
16,6
49,16,11
37,9
1
36,45,37
3
51,11,55,52,18
44,17
3
41
35
18
11
24
34
58
48,36,61,18,10
13,3
50,60
21,18
21,5,28
34,17
16,37,45,17
50,60
58,43
5
4
15,6,45,9
50
41,35
16
60,12,11
36,45,17
36
56,35
16
19,45,14
17
46,16,39
40
62,8
7
45,17
4
16
60
11,59
16
36,41,18,11
57,37
16
48,13,3
43
46
36,18,12,11,41,37,43
47
15
31,18,12,43
41
6,34
39
36,37,18
7
6
46
57
34
10
4
34,47,43
62,22
16,36,35,45,18
6
37
6,24,37
25
55
3,43,31,18
39
30,25
13
2,19,16
18
7
25
53,23
34
11,25,18
8
43
13,7
18
16
38
51
13
12,11
2,16,24
13,3
4
29
20
15
58
16
34,40
5
56
2,6,59
6
25
56,57
40
29,36,37,61,11,18,12,25
24
45
47,24,23
13
34,39
18,11,61,55
57,56
16
18
39
2,12,10
45,52
3,13,8
25,33,17,37,61,11
36,12,18,11
41,43
56
16
56
20
18
2,16
33
36,12,42,30
32,35,45
37,11
13,16
49,36,23
54,41
35
16,37
19,36,17,39,32,38
6,31,11,55,57
40,12
33
57
6,57
2
41
19
4,36,5,31,40
23
24
33,28,39
5,21,12
13,3,16,55,32,45
46,50,6,36,1,37
17
7,36,12,8,41
6,36
18
45,11
49,62
61,8,25,33
7
24
13
6
6,18
6,36,22,33,61,18
62
24
36
16
29,16
36
16,36
9
32
16
48,13,3,18
4,40,17
25
58
24
4
16
40
50,48
39,24
31
17
38
46,16,36,22,11,33
11,18
37
13,55
20
11,25,8,18
46
31,43,42
38
48,5
4
36,25,11
42
4
17
16
18
18
40,21,5
12
4
30
13
40
41,10
13
24
44
58,18,39
24
46,56,23
4,36,45,24,37
16
56
24
50,16,56,22
16
57,42
50,48,3
47
51,62,53
62,57
37
3,58,36,56,59,35,45
3
13,49
51
4
46,6,18,37,24
36
16
4
36,18,37
17
6
16
4,16,12,18,55,45,33
3
16
57
17
62
37,15,20,51
36,24
36
26,37
56
41
58
58,36
7
16,24
49,3,48,13
11,18,41
61,35,45
2
3,13
18
16
12
13,26,43
2
36,8,18
3,13,40,18
7
51
16
36,45
10
11,18
40
4
16,51
36,41,12,25,37,11,18
24
2
13
35
49,13
8
30
13,48,3,34,39,11
15,47
47
58
36
52,25,18,11,37
60,39
42
34
10
16,45
16,33,30,38
15
34
2,6,53,62
23,57
12
13,32
13,3
16,10
40
16
23
16
16
58,59
4
41,9
26
4,37
24,18,25
41,11
16
58,33,25,18
36
3,13,29,40,55
17
16,8,31,57,53,46
48
13,40
11
40,18
6,18
28,25
2,26
46,12
36,18
16,31,61,11,24,45
18
3,48,13
16
24,56,57,53
7
8,25,33,11
6
58,23,54,31,18
54,12,33,28
16,36,45,31,10,9
41
16,31
13
16,18
6
54
20,32,45
26
58,13,33
2,18
3,41,16
38
34
31
36,11,18
56
44,25,43
33
26,36,35
11,18
6,36,31,22,52
36,37,18,14,32
19
4
25,33
54
12,37,39
41,61,11,18
20,38
36,18
16
16,23
16
48
45,24
13,48,33
6,36,18
34,31
16,35
17
14
62,28,11
15,9
34
43
4
16
49,12,47,25,14,41
39
39,44
31
59
16
2,17,16,36,11
6,34,9
40
36
6,45
58,13,22,30,45,35
4
34
16,41
62
3,36,8,33,25,11
49,13,58,24
13,48
16
36,39,35,10
48,13,49
58,56,61,45,42,18,43
40
16
39
6,36
60
56
17
7
55
21
11
8,25,33
4
6,54
55
11
16,9
36,55,54,37
13
13,16,18
6,35,45
53
10
36,30
58
37
8,43
16
6,18
6,36,12,11,18,41
50
16,10
36,18,43,11
17
4
22,54,33
37
7,62,37
4
40,53
6,22,56,11,18,10
14,11
13,3,57,56
25,24,22,33,61
4
16
16,36,33,25,24
16
4
3,13,61,45
16
44,43
36
36
18,11
18
39
41,7
18
3,13
26
13,3
37
16
52
46
36,18,25,12,11
19
58,9
2,39
49,13
16
36,47
16
7,37
25
16
36,55
36,18
40
36,6
34
18
10
16
46,37,53
50,11
33
13,16
16,33,39,18
16
3
20
49,33,8,37,17
41
43
18,24
18,8,25
4
36,31
3,49,13,48,60,16,36,24,39
20
57
22
16
3
13,48,3,45
24,45
39
56
43,39,12,62,8,44
37
58
29,1
47
48,49,37,25,33
6,53,46
46,42
36
19,25,12
12,41
28,33,61,25,40
12
46
43
36
43,35
19,36,43,11,44
48,13,18
57
36,18
29,45,37
32
17
50
48,36,45
34
21
46,13,36,39,30
4
13,48,3,18
45,18
16,51
41,16,36,18
20
36
26,5
24
36,43
46,58,56,57,30,8
5
16,25
55,1,33
24
16
35
55,18,11
4
50
13,32
19,16,44,11,39
57
39
60,8,11
44
24
6
13,47,25
25,33
45
16,36,11,18
24,18,12,11,55
10
4,16,22
39,62
11,18,36
58
18
2
58,36,43
3,13
44
58,44
6
18,37,45,43
36
49,48,5
16,6
48,3,13
16,36,33,37,18,12
13,55
61,55
58,13,3,42,44
39
33,37
39,21,5
16
11
59,10
18,25,33
18,45,32,35,31
19
49,15,11,44
16
55
41
18,11,12
51,33
16,17
16
40
42,57
40
4,17
16
16,36,55,18,25,11
16,10
4,16
3,31,52
46
20,62,25,33,12,28
34
36,47,33
46,15,53
19,18,45
19
16
54
41
29,12,25
3
12,25
24
39
22
16,11,32
55
6,16,32,18,45
36
45
12,18
43,8,33,22,44,18,55,37
6
25,33,18,11
16,4
18,11
55,40,17
58
45
6,1,39,11,33,8,43,25,52
51
24
4
13
4,36
13,6,37
46
20
48,13
29,16
24
39,10
3,60
4
16
46,62,35,40
33
13,49
22,1,18,12,39
49,56,45
58,57,5,56
46,57
41
41,16
14
59
36,55
15
24
16
18
10
36,18
36
25,33
53
40
7,18
36,17,56,23
39
41,43
46,37
62
34,36,11,18,10
40
4,37
46
58,13
47
12
29,6
16,10
58
17
16
4
6
48
48,30,44,18
56
21
2
13
57,56,35
7
2
6
4,41
3
16
13,23,12,39
6
16,24
59,11
51,16,43,39,33,18,36
37,48,49
34
32
49,3
27
32,45
9
25,41
24
44
13
37,36,18,32
20,57,42,11,18
39
49,17,53
29
37
39
35
5,21
20
46
54
48,49,16
13,16,9
44,11,30
7
35
19,36,44,54,61,33
34
19,45
44
4
30
16,41
36
4
59
24,39,18
16
13,60
48,13,3,36,45,10
36,39,44
36,1,35
37,55,24,10
36,45
3,13,16,36,31,12
19
4
24
25,33,18
50
16
46
6,22
41
16,14
31
13
44
7,51
16
41
36
40
16,21,5
17
36,11
15,53
39,43,12,18
24
19
16
35
6
16,33,25,10
40
36
59
21,40
18
54,41
16
48,13
16
40
36,18,54,45,38
15,24
13
7,28,33,11,18
12
36,39,18
36
3
53
31
24
36
5
37
46
51
16,38
16
19
16
16
46,58
37
61,11,33,9
58
4,45
36
7,14
22
13,54
16
34,39,62
54,61,23
58,49,13,54,37
41,16
6
13,3,4,10
48,13
58,31,44
16
16,36,22,54,24,9,10
16,21,40,57,45,43,47
17
36
37
14
4,23
17,42,25
36,30,32
16,18
6
23
58
16,47
55,54,24,45
41,36
39
3,13
6,59
12,8
2,31,62
24
4
36,11
12
18,59
58,29,6,31
29,37,11,18,55
6
33
13,11,18,45
4
3,48,13,33,12,11,18
39
48,3
6
35,23
16,44,43,25
42
15,16,23
18
43,31
17,3,48,18,44
24
41
42
46
58,50,3,13,1,62,53
45
29,31,37,14,11
40,23
46
33,18
19,4,30
3
37,35
36
4
11
11,18
29,36
3,41,33,25,11,39,43
35,17
20,17,25
40
43
59
11
16
3
43,61
54
56
16,18,14
43
29
4
36
25,12
16
13,48
46,36,45
16
21,40
58,17,57,56,39
12
16
49,25
45
43
54
25
19,51,25
16
46
33,11
13
41,36,25,37,12,18,24
39
40
32,41
12
16,52,11,18
49
36,57
58,57
4,51
55,33
2,40
13,48,24,40,23,61,18
27,18
31,45
11
36,31,45,47
18
37
3
37
24
3,13
34,59
3,16,11,18
16
24
6,36,47,11
13,3,12
17
16
46
36,18,11
36,55,35,45,39
6,17,43
37,40
16,33,25
48
51,6
16,36,11
13,25,31
37,43,11
54
26
13
36,38
44
16,31,18
20
58,50,36
61
50,48,29,36,55,37,40
23,5,40
40
30
6
16,12
21
34
5,40
48,43
6,40,37
57,40
36
5
4
40
3,13
38
25
25
25,37
4,20,16,39
27,5,21
32,45
43,25,12,52,11
6,36,53
6,61,57
2,4,30
46
49,60
16,45
41
62
7
16,17,37,45,18
29,36
16,6
10
41,36,18,12
13,48,41,24
19,36,30,45,39,44,52,12,18,11
13,4,34,16,42,33,17,11
16
50,16
16,39
16,41
20
6,18,33
25,12
17
16,36,12,39
48,3
59
16
11,55,8,18
16
56
41
52
16
13,48,3,11,28,52,25,33
13,16,52
43
18,41
48,13,45
13
36
51,16
18,54
24,41
11
4,6,36,54,43,39,30,12,11,41
7
7,56
4
58,7,36
25,33,28
36
2,8
34,17
3,4,38
58,7,47,31
33,37
20,26
16
13,36,11,35
6
16
6
14
46
16
16
10
16
55
45,40
36,29,11,18
36,25
49
16,35
46,53,57
4
49
2
16
62
3
16
51
38
42
6,35,18
36,11,61,55,12,32,37
10,16
60
33,8
7
52
13
16
18,40
59,43
6,40
6
40
55
3
5,40
36
33,9
20,39
16,24
29,16,37,54,12
57,56,18,25
35
16
34,33
47
16
62
55,37,41
18
16
26,24
25,33
35,12
16
16
2,41
36
6,45
4,20
18
46,6,36,35,25,18,9
20
4,16,10,11,14,43
36,12,52
16,18
48
46,26,23
53
38
44
23,62
44
3
45
41
6,16
36
16,36,31,11,12,61
46
16
37
23,45
42
2
16,23,24
13,19
55
51,54,45
7
48,50
35
39
51
46
51,43,24
10
6,12,31,18
58
4,11
48,51,24
13
4,51,12
29
29,51,16,12,30,39
35,45,14
6
36
36,18
4
7
34,36,32
36,12
24
40,37,24
46
61,24
4
13,60
50,6
58
13,3,36,25,32,35
12
48,13
16,37
36,35
10
13
31
16,37
3,48,13,17,18
3
47
7,41
16
37
16
24
36
25,14
62,23
5,40
32
36,52,55
42
18
51,12,37,54
16
16
16
54
6
15,6,17,18,28
36,18,35
57
6
16
18,37
17,40
13
16,43
6,24
40
13,28
15
16
36
50,20,6,37,30,24,39,28,31
2
20
34
51,42
41
4,6,43,52,18
36,37
45,41
6,36
33,17
16,17,18
39
34,12,55,11
37,43,18
53
13
44
53,40
48,37
18,11,12
37
37
16,21
7
16
18
13,6,39,5,40
43,39
13,3,30,53,27
16,33,28,37
3
6
24
13,18
13
3
26,1
3,16,39
46,13,4
6
6,36,27,24,37
55
24
18
50
16
50
49
47
60
36
11,37
6
33
29,6,54,1,30
4
17
36
13,48,3
13
16
4
16,36,18
60
11
16,36
34,23
33,18
16,25,10,18
6
13,16,9,12,39
6
16,11,37,10
6,10
19
16,36,32,35,41,24,45,31
54,17
58
3,13
16,39
45
18
3,13,16
16
46,11,33
14
2
13
13,51
48,13,23,43,54,39
41,35,37
11,18,14
18
33,22
18
58,39
7,6,26,36
13,36
48,3,13,24,25,30,43,12,38
58,16,35,18,24
45
41
35,37
40
3,58,55
51
36,32,45,35
13,3
18
36
31,35
24,11,33
27
27
23,12,40,21
43,24,27,33,11,18,61
46
29,45,18
46,36,27,45,53
18
41
22,11
13
36
31
36
21,5,40
58,6,36,45,24
36
13,48,62
16,36,33
41
16,11,45,17
46,43
16,24
13
47
23
18
13,3
19,44,41
31
50,4,1
4,47
36,55,18,37,61,25
16
16
41
16,18
22
52,18
16
16
61,18
21
46,3,36,37,61,11,53,39,18
6,36,18
16,18
9
13
3,13
58,48,6,36,18
13,3,5,21
58
47
46,40
17
3,13,18
13,3
11
20,36,32,35,45
2
13
31
20,45
51
16,36,25
58,16,18
44,41,23
54
13,3
15
11
35,32,45
60,16,39,30,12,1,25
47
13,36,45,43
40,37
22
27
17
13,48,3,37
3,13
17
36
35,24
11,35
3
16
62
17,53
16
36,18,12,11,27
16
20,30
4,56,57
16,24
46
1
16,45,40,56
16,25,12,1,43,39
3
18
58
13,25
46,34,36,45
57
43
16
39,18,45
18,11
34
24
56
48,13,3,16
18,21
13,4,39
16
39
53
16,38,10
16
32,47
34
13,3
16,54,12,11,37
11
37,23
58,3
3,13,16,55,10
50,13
18
51
36,18
51
40,54,12
20,39,43,25
50,13,58
18
6
16
17
4
19
50,60
2,36,11
8
25
48,3
39,24
21,5,40
16
53
58,55
3
20
57
11
47,8,18,38
19
16,18
48,13,3,39,43
37
36,35,39,37
48,19
46,58
36
3,54,33,28
18
16,18
19,12,41
16
18,11
60,27,37
5,21
58,3,13,18,39
18
7,42,45,59,40
16
41,30
6
37
26,40
16,18,45
44,45
46,58,13,25,56,12
51
48,3
45,55
16,14
54,18
4
46
6,10
14
60,3
2,16,11,18,30
2,11,18,45,39
29,36,43,52,41
4,39
46,36,54,39,45
19
23,55
47
17,38
42
4
16,34,14,24
55
37
40
3
51,33
16
29,39
14,1,33
29,12,37,11,27
56
16
40,25
36
37
16
11
36,59,45
7
16
16
29
6,39,18,11
40
18
6,24,37
18
13,40
13,6,24,10
11,53
6,18,55
36,37,40,61,18,11,10
6,23
16
11
54
1
48,13,34,36,33
11,18,33,43
58,4,18
25
47
16,36
16
3,13
3,60,12,62,18
6,43
48,3,16
57
4,6,54,25,43,30,18
36,32,18
36,43
17
16,40
53
8,24
37
2,18
6
3,6,28
41,9
30
42,57
16
16
15
40
53
61,22
16
49,13
14
37,18,11
13,39,37
36
36,39,45
1,25,33,11,18,24
34
2,58,36,40
3,13
55,18
62
40
13
40
7
13
34
38
58,6,36,39,12,37,18
29,36,40,12,43
27
61,11,18,24
49,13,3,48
23,11
2,18,45,41
13,3,23
16
54
36,18,39
41
36,18,45
51
16
25,11
57
4,11,18
6,18
58
41,43,11,18,12
4
29,16,44,43,47,11,30
5,31,43
11,18,45
16
49
42
16
10
39
61,18,37
16,36,11,18,44,43,24,10
3
51
6
41
41
25
31,27,12
6
13,17,23
16
17,18,33
55
58
40
4
15
33,12
36,11,40
16
21,5,40,54,18,35
31,32
39
30
43
13,43,25,11,44
37,39
6
13,53
41
13,3,36,39,12,11,18
56
6
36,37,35
16
24
29,4,54,40,18
49,48,13
25
13,3,54
16,36,18
49,48,13
16
16,24
39,55,54
16,32
9
24
34
47,38
36
3,13,18
3,13
57,56,37
16,10
36
11
16
29,4,36
43
37
11,18
50
13
40
6,40,47,18
6
14
36
45,11,18
58,36,43,18
49,28,57
3
52,30
37
15
3,13
49,7
13,36,11,25,12,52
31,47
56
4
16
37
53
2
4,51,41,18,32
57,43,24
58
4,36,40,54,24,18,47,43,41
40
18
12
58
7,15,16
6
6
40
46
35
18
13,48,47,25
58
16
31,32,35
10
25
16,10
16,18
36,5
29,12
36,12
17
59
16,36,58,48
4,24
17,14
41,37
33
18
4,16
13,3,22,33
60
47
54,24
16
16
48,13,3
15,40
57,62
48,13,45
36,18
4
47
6
16,54,1,33,31
51,16,32,25,33,11,36,31
17
18,33
16,22
13,48,15,53,24,11,18,54
16
7
16,9
6
58,13,6
16
36,33
38
37
2,19,16
28
2
56
13,48,36,62,31,45
54,55,11,18,41
17
47
36
45
33
17
3,13,36
6,34
5,58
40,32
41,36,12,52,11,18
13,32,45,54
49
42,12
33,11
41
32,45,40
24
13,16,36,33,37,44
16,10
18,25
13,16
41,39,9
19,14,27
27,36,11,18
48,37
16
48,13,3,34
16
4
48
37
59
60,50,13,3,49
44
57,53
14
3
36
13
24
41
13,3
19
34
45
52,12,39
16,11,18,38
49,48,13
57
4
30,17
41
45,35
3,48
48,3
6
48
18,14
20,16
34
46,13,51,43,55,54
28,33
10
3,13
3,48
13,36,41,45
18
15,42,23
45,14,59
19,14
4
29,18,39,37,24
58,19,36,45
16
16
14
41,43
7
6
45
16
12
37
13,7,36,41,45,35,47,44
18
46
41
41
12,11,36
19
51
16
62
16,45,35
31
36
3,13,41,56,36
37
34,45,56
7,16,36
41
16
40,24
16
37
2
3
36,24
11,18,9
38
16,24,11
18
2
55
45,36
27,45,12,36,32
16
27,12
29,21,40
33,55
37,18,12
50,49,3,13
29,4,36,39
36,21,5,40
25,54
17,11
13
2,18,37,17
51
29,45
16,55,18
49,39
3,44,52,54
24
4,6
33,37,11
51
34
15
49
16
4
4
35
13,3
57,56
36
16,10
40
6,36,37,9
29,16,36,45,37,44,57
6
6
62
2,34,16
51,41
17,33,37
52,43
56
36
9
27
3,13,6,46,42
14,45
48,3
60,50,7,15
19
36
12
23
18
4,37,31,59
10
16,12
46,54,35
37
13
16,62
3,13
53
44
62,25
13,25
5,21
45
29,6
19,39,30
13
16
43
43
16
45,37
53
29
6
6,25,12
35,54
29,16,36,44
25
36,30
19,27
40
51
11
33
21
25
37,18,40
42,37
58,45,33,11,61,18
56
13
26,25
16
42
16,18
4
46,11,14,33,45,39
48,18
39
49,6
16
40
51,54
48,40
46
16,44
15
15
33,22
6
58,1,55
46,15
5,10,12
36
48,13
46,3
3,11,54
41
21
43
40,23
4
41,39
49,13
37
18
42
6,16,36,11,18,24
18
3
13,3,25
18
10
54,37,8
26,43
16,39,35,45
37
42
62,53,11
31
21,5,40
2
35,18,40
24
51
30,12,28,33,11,18,25
49,13
2,8,62
14
45
48,13,54
15
16,1,39,33,22,12
6,36,18
13,47
16,18,33
14
13,60,50,58,29,6,54,33,12,27,1,22
13,4,6,12,11
40,27
31,12
48
6,10
20
3
13
16
6,12
46,53
36,30
43
35,45
6
13,12,52,18,11
22
51
36,59
13,48,3
54,11,41,39
37
16
16
25
18
43
11,18
6,36,18
37
36,30,52,12,37
46,57
46,45,39
36
24,55
17
2,35
46,49,13,48,53,24,35
16,42,28
16,18,36,12,11
50
48
12,25,39
62,45,42
35
58,40
26,22,8,23,33,18
16,36,5,10
36,35
46,35
6
49,48
23
2
16
62
51,36,37
29,11
16,55
40
14,11,55
23,56
21,5,40
4
36,32,25
21,40
13,18
6,36,35
4
24
16
16
36,45
58,36
57
13,26
2,16
45
6
43
20
16
56,53,57
16
15
18,45
3,13
1,62,8
34,41
11
16,39,47,25
13,51,18,30,11
48
36
5,40
19,36,55,39
18
33
10,12
27,25
16
48,13,3,51
45
6
41
29,39,45
4
18,45,25
13,3,62
16
55
37
34
43
3,27,53,37
18
31
16
36,37,52,18
16,11
5
58,7,43
36,35
25
36
47
13
36
23,56,39
54,41
17
45,61,17,22
24,22
16,35
41
24
48
52
33
58
36
16
10
3,13
16
5
31,33,37,18
45
4,11,38
39
18,61
24
16
36,22
16,21,40
48,13
2,13,35
38
45
16,10
58,13
57
18
36,37,11,42
41
4
16
17
51,54
13,44
28,33
34
45
16
50,31,37
7
13,37
15
46,6,61,17,33,9
26
16,17,11
45,22
17,18
16
13,12,25,39,45
35
45
19
11
4
7,4,43,12,18
29
16,18
13,37
16
16,55,25,28,10
6
48,13
13,3
7,56,53
41,21
23
37
36,18,43
36
13,3
13
13,3
6
40
3,48,18,43
16
3,16,33
58,6,36,14,11
21,40
35,40
31
16,51
4
56
18
2
19
11,18,61
29
50,60
16
12,11,18
53
13
16,37
34
11
28
57,56
6,16,36,35
58,34
13,45,32
56
16
18
18
4
6,12
11,57,40
58,13,6
36
46
16,41
21
12
46,13,48,18,54,23
16,6
46,13,3,15,57
6,33,9
51,16,52,22,25,45,35
59
16
41
55
49,3
20
36,11,45,35,18
3,13,48
15,59
16
47,37
50
13,4,29,51,52,11,39,32,37
25
36
11
39
13,3
6
51
13,48
45,18
45
16,62,23
36
25
43
58,56
18,25,6
13
13,34
36
45
39
6
40,21
49,23
6
13
51,23,41
16
43,12,11
33,20
18
56
2,51,41,43,18
13
13,57
29,6,47,45,17,10
16,11,23,10
43
18,31
6,42,54
36,37
51,22,61,11,18,17
16
58,4,27
34,30
33,17
21
16,17
29
41
12
3,13,16
36,40,31
36
13
24,28,11,41
24
34
13,49
30,40
20,27
7
39,43
11
6
13
36,24,18
4,36
55
13
32,45
39
13,48,17
55
16
17
48,13,16
35
37
6
13,48,3
43,45
13
42
4
3,13,36,12,54,28,33,11,59,18,41
36,11
6
13,52,1,28,61
18,27
16
17
48,24
57
16
6
3,13
34
46
54
55,45
48,3,13
3,16,36,32
62
6
34
48,13,3,27
3
23
57
42
47
54
34
60,3,13,23,25
29,4,16,37,5,21
36
17
40
16,10
38
2,31,11,12,27
13
13,45,17,14,18,11
18
13
35
35
58
16,18
16
25
46,13,47
20
13,3
6
16
16
26,36,40
3,16,45,35
40
6
16
61
13,62,37
37
4
48,45,32,35,36,17
13,3,16,10
46,58,11,25,22,54
27,4,44,11,41,38
49,48,13,3,16
18,36,22,37
21,39,5
24
16
36
19
51,16
33,43
25,12
15,9
36
4
49
20,41
41
6,36,24,40
40,47
2,1
38
33,18,54,22
36
3,13,25,40
14,41
18,33
29,12
57
38
52
6,16,43
2
14
58,16,18,33
49
36
29,4,38
32,35,55
15
14
58,16,36,18
6
2
27,55
13
11
12,43
18
49
2,11,37
33,54,37,22,18,61
6
18
21,36
18,43
56
41
50,60,13,19,45,27,39,35,36,8
46,15
15
33
18
58
13,60,48
6
6,41,36,55,1
51
51,39,36
36
13
8
4,35
36
12,54,33,43,11,9
16,9
34
24
11,55
19,20,45,25,37,11,18,9
58
50
46
12,18,36,10
35,43,44
18
48,3,13
25,39,43
57,47
45
36,18
51,36
58,13,3,48
40
36
30,18,36
41
7
61
59,37,11
16,27
13,3,12,44,25
3
6,55,37,41,54
27
24
13,7,37
48,3,16
21
49,6
6
3
16
55
6
30,31,47
6
50
33,41
45,18
26
16,24,18,37
11,31,14,18
6
54,37
2,13,37,12
16
1
33
48,13,3
16,45,24,35,36,18
25,22
16,20,10
9
34,11
51
16
16,12
11,36,43,25
29
24
48,3,13
45,35,31,10
16,18,45,33
3,50
13
31
12
18
18
1
3,20
33
51
51
46,40
4
45
19
46,53,43
13
13,3,41
16,18
43
13,3
16
38
13
12
35
48,13,3
3,13,51
16
21
20
30
51
12
25,47,44
18
16
62
13,48
49,13,47
35
60,13,48,3
31,47
17
36,59
19,44,18,11
6
16,18,35,37
18
20,22
40
16,33,24
45,11,54,18
16,61,55
16
48
3,8,25,37,1
43
48,13
13,4
41
13,3,6
13
40,5
8
11,18
16,36,32
10
29,16,18
2
46
16
16,18
35,55,11,18
4
21,56,57
21
20,16
16,36
46,15
26
13
38
25,33
47
36,10
8
18
24
43
3,41
18
35
3,60
50,27
6
48,42,32
58
37,13,15,24
51
25,2
13,37
41
34
3,49,13,5
16
37,52
19,11,44,12,25,18
15
56
41
27
3
36
40
24
16
34,54,36,18
51,43,39
10
6,37
62
60
16
16
23,62
6
28,33,36
31,11
16
18,41
45,18,35,32,36
16,11
48,47
25,11,33
40
25
49,13
41
25
14
16
40
7
16
55,18,25
22
47
39
23,59
45
16
45,36,41
47
37
13,62
3,13
13,4,8
48,45
36,11
6
43,36
29
16
45
45,18,11
13
44
45,24
58,37
42
13,3,48,12,18,36,25,35
16,56,40
16,45,32,35,36,18,54,55
16
62,40,25,56,23
44
57
37
57,56
53
41,9
4
37
61
7
46,53,56
18
37
39,23
3,48,4,37
24
31,55
15
55,41
47
44,55
36,18,10
4,16
3,48
43
57
40
16
39,36,41,47,11
17
15
37
16
41
36,45
16,36,45
18
51,36,18
20
13,3
32
36
18
13,3,48,4,6,18
55
12
6
13,36,11,33,31,59,44
53
40,5
46,11,22
16
16
58,24
40
30
41
58,3
36,11,33
58,34
19,51,41,43,44,52
2,44,43
17,38
16
31
21
56
61
20,55
36,18
4
57,9
16,24,18
3,13,48,12,41
15
2
6
51,55
19
55
6
16,18,10
41,37
29
4,16
16
39,12,14,37
22
25
36
36
16,36,18,11,37
18
16
16
21,40
27,33,11,37,43
59
12,11,18,24
38
51
12,18,55
46,12
60
16,36
4,6,36,30,18,31,35,25
36,52
2,11,12
33
36,18
46,21,5,40,35
18
35
10
2,52
16,45
6
36,41
7,16,32
50
17,45,9
26,35
47
57
17
6
32,17
54
13,3
7,4
16,26,57,45,31
58
16,8,5,40
18
16,36,25,11,18
41
6
20,36
21,5
16,18
24
16,31,43,18,45,37
17,40
36,35
13,3
13
36,52,40
57,23
48,30,39
3,13,36,35,18,45,55,24
50,33
13,3,48,16,18,45
4,51
36,25,37,12
4
11
7,54,30,41
16,42,54
14
6,36,39,35
14
2
7
44,30,17,14,37,18
13,60,11,54
17
11,18
31,11
35
36,55,22,25,33,45,18
2,41,36,52,12,43,18
34
4
16
13,48,36,23,54,37,18,24,11
18,8
29
16
2,24
16,59
40
24
39
6
35,45,18
18
3
36,18
51,14,32
55,11,54
13,18
39
45,35,25,33,41
58
48
18
13,3
45
58
4,36
2,60,3,48
58
3,48,62
6,20,17
47,44
20
41
24,43
13
13,3,50,24
18
28
13
34
58,16,36
24
59
10
4
36,37,61,18
28
6,18,59
4,44,21
13,49,48,3,27
16
13
16
16
11,18,35
24,37,40
13,3,27
1
16
41,16
4
40
49
16,28,33,18,25,9
16
15,57,42,52
41
5
4,36
60,13,47,25
14
49
56,21,40
11,18,33,22
13,15
25
16
6
13
60
41
46
61,54
16
36,45
52,1,5,40,53,21
3
1
48,3,20,18
4,21
6
38
36,18,11
23,43
36,9,24,39,47
4,31
19,6,18
17
3,40
40
33,25,12
55,11,12
3,36,31,11,45,35
50,13,45
31,32,45
13,3
37
40
4,36,12,43
19
58,16
57
13
48,3,13
45,55,24
45
32
2,39,43,1
27
16
18
2
46
16
16
34
34
48,11
48,13,3,16
3
13,47
41
39
58
13,18
40
15
4
54
16,36,25,55,11,37
37,18,12
46,16
5
24
37
56
62
41,33,11
6
41
41,11,18
16,6,36,41,61,33,18,31
60
13,3,37
16
44
9
12
60,6
39,52
5,40
50
36,37,43
61
46,7,24
16
58
29,19,41
36,55
13,48,3
13
16
30
36
39,44
16
60,21,40
6,55
18
36
41
13,36,11,37
16,36,35,45,39,37,59
16
29
4,16,18
17,33
31,42,33,25
7,18
11
21,56,40
3
16
10
37
16,40,5,21,9
13,3
16,36
57,39
45
50,60,56
6
9,38
54,11,18
16,10
16,10
37
13
11,45
60,49,48,3,13
45
26,30
16
3
24,21,40
11
13,3,40
16
41
36,55
53
46,53
17
3
13,3,34,55
17
31,57
51
16,28,25,39
36,35
37
37,11
16
40
44
24
16
20,36,52,25,18,11,33
36,11,54
48,8,43
29
30,40
50
4
34
15
58,57,45
19,51
16,43,13,23
31,40,41
2,16,36,52,18
16,9
16
18
4
4
49,60,50,17,33,18,25
16
45
18,11
16
6
34
49,13,29,4,16,36,25,10,52,18
62
62,53,25,24
18,11
2,16,24
17
16
50,5
21,40
20
18
16,36,18,11
6,36,31,43,61,14,37
51,16
19
3
11,30
44
13,36,21
14
55
41
16
52,18,37
15,59
10
16
19
16
43,18
18
28
62,25
16
15,59,9
4
36,40
45
6
60,48,3,13,15,16,26,21,25
49
13
55
26
18
6
34
36
62
13,3
16,38,10
7,23,55
25
25
38
62,57
17
50,37,39
36,14,18
16
16,18
16,59
36,18,45
36,23,35,45,28,61,11
16,62
29,36,32,45
40
36,43
16,36,43,45,10
58,6,45
3,23,25,12
36
37,45
46,22,45
37,25,33
7,18,41,10
18,25
57
18
6
16
36
3
45
6
56,10
17
36,31,41
18
6,18
13,36,40,5,45,55
30
6,36,43,12,32
20,23
27
36
17
4,7,16,18,23,31,14
49,6
54
34,18,12
16,54,33,25,45
18,25,33
19
14,18
37
16
49,4,41,18,21,28,39,32
16
16
6
36,27,12,9
30
3
51,41
19,44,45,43,11,18
46,15,25,33
16,21,30
25
50
4,16
46
35
20
41
47,37
3,13
21
42
6,36,18,45
60
16
20
13,18,11,47
25
16
18,32
36
6,18
16,6
59
16
6,36
41
36,27,31,12
16,44,18
36,18
27
57
39
11
19,18
20
36,45,18
5,37,40
18
53
36,40,35
57
29,36,17,37,11,18,16
23,45
46,37
14
16,10,9
54
6
14,59
41
45
54,55
22
51
55
29,16,36,11,12,52,18
55,40
22
16,10
19
24
3,48
6
16
16
16
37,18
42
36,39
58,12,11,18
16
20
41
48
55
19
6
36
20
16
4
13,3,50,6
37
55,25
40
48
13,54,43,31
52
33,12
3,18
48
46,31
16,36,33,61,11,18,24,10
25,18,39,40
17
19
18
56
46
37
16,39
36
49,13
11,24
36
18
34,40
6,36,34
16
16,32,45
48
33
2,60
16,24,52,55,12,25
18,39,46
45,18,28,35,11
49,48,13,8,25
7
16,18,54
31
47
22,18,25,11
40
44,45,30,37,18,24
16
49
4,31
16
7
16
17
26,24
6
22,8
47
27
13
49,37,44
16,45
48,3,49,36,41
9
16,45,32,10
49,36
32,45
16
30
6
39,24
47
48,37
16
62,18
16,36,45
26,36,39,56
21
25
16,45,18,10
16,18
41
13,48,3,25
58,36
16
13,12
52,30
41
49,32,45,35,43,44,33,25,12,27
9
37,5,40,9
7,36,52
36
13,16,18
36
37,17
12
7,18
13
51,16
37
36
59
53
40
7
6,36,11,37
37
25
36
13,3,16,37,18,25
58
18
51,16,18
45
11
3,13
13,3
16
48
19,7
8
54
36,33,12
13,18
40
16,1,25,22,61,33,11,18,27
16
51
16,10
6,16
41
48,49
3,10
38
4
13,4,29,11,33,37
44
42
46,58,23,45,53,11
48,13
6
36
44
16,25,11
48,3
13
2,49,13,19
11,18
41,16,11,25
6
18
13,48
58
4,31
50,60
18
41
24,52
16
36,3
51,36,18,11
16
60,3
36
17
21
60,50,13
51,30,35
48,13,49,12
7
49,18
16,35
6
39
40,55
5,40
35
51
55,45,35
50,3,49,13
60,3
4
23
35,55,24
17
16
48,13,18,55,1
6,11,18
13,29
16,25,33,18,24
13,59,27
37
40
16
44
20,62,39
4
11,37
36,18
36,25,9
4
18
36
18,38,10
17
12,52
15,28,1,11,18,24
24,14
3,13,57
13,60,6,43
2,3,13,56
47
2
46
4,16
16,45
33
4,18
6,43
16,6
18
44,35
25,33
18
40
48,3,13,16,55
39
57
24
37
50
16
2
24,14
19,14,25
16,41
45
38
58,6
16,32,35,45
13,36,62
26
13
11
20,33,14
39,43,37,18,38
17
16,43
6
3,13
56
44,37
60
13
13,48
20,16
15,6,45
12,11
46
25,33
46,4,26,18
6
59
4
18
3,48,13,30
41
6
50,37
16
45
23,61,22,1,33,11,17
45,11,35
36
12,28,33,22
37
3,13
6
30
4
36,37
6
21
29
16,24
4,24
13,3,18
6,36
42
36
13,3,51,8
16,10
46,62
26,36
40
58,47
6
37
13,54
6,16
46,57
29,5
6
48,23
23
25,17
12,1
33,55
32
15,5,21
39,35,32
6,34
36,45,11,1,37,24
55,30
48,18
19
13
51,41,7,55
23
15
36
36
16
40
60,25
16
16
6
24
16,39
4
15
60
24
13,36,35
31,12,22
4
2,16,54,44,47,25,33,12,11,37
4
46
16
3,13,29
55
26
21
11,44
13,16
57
4
45,18
16
17,37
15,25
14,24
36,18
4
13
49,3,48
48,13,16
16
24
11,18,24,37
3,13
29,12,25,52,11
54
11,18
32
16
16
17,18,32
39,32,23
41
2
16
31,27,12
26
46
46
13
24
2
26,11
36
3,13
18,12
2,36,41,18,11
41
62
34,18
16,11,18,9,38
3,48
20
13,3
16
11
30
31,12
23,57
49,3,13
13,3
37
24
36
39
36
16
6,43,12
41
29
37
18
39
50,49,13,48,3
8,24,25
13,54
33
13,48
18
16
46,7,25,12,11
45
36,43,24
13,16,18
36,37
4,57,56,47
40
17
4
1
48
17,5
18
36,52,31,39,37,9
17
57,40
18
36,11,39,44
6
16,54
34
34
29,36,40,21
16
58
13
25
16,5
47
36
58,20,47,44
12,42,1,43,39
55
13,20
57,7
17
45
32,24
51
16,25,18
16
48,49,6,17
13
16
16
5
16
24
39
13,3,48,49
16
46,16,35
62
6,59,35
48,4,16,18,11,37
14
16
17
6
58,49,36,35,45
26
36,11,45,62
24
36,45,39
49,13
29,6,36,35
1
60,18
16,36,32,25,33,18,45
6
16
50,36,11
36,18
17
25,1,59
41
13
36,31
41,35
16
15,27
18
34
6,36
51
16
40
48,13
36,18,11,45
10
16
14,18
5,34
48,49,16,36,37,33,28,11
54
37
24
13,16,26
16,18,43,27
13,36
16
16
36
13
16
36,55
30
59
3,25
22
3,49,36,32,27
29,37
36
41
51
13,6,36,53,18
36,28
5,53,40
50
41,30,11,18
18
19
4
36,30,11,25,12
41
13
18
31
49
20,53
16
30
12
13
12,30,18,41,11
58,36,45,30,32,41,43
7
7,56
13
28
48,23
18
35,55,25
32,45
37
16,25
2,36,30,45
6,56
16
16,41
60,25
22,25,12,24,39,35
36
35
13
3,13,21,5,40
12,43
51,32
34
33
14
1,12
56
58,13,23
14
50,30,43,39,18,57,52
41
16
4,36,18
43
16
6,18
19,14
18
18,11
13
16
4
3,6
37,40,21
50
21,5,40,24
58,49,31
14
2
45
60
36
13,36
6
34
44
60,48,13,3,36,8,23,1,43
16
27,32
23
46,30,11,18,37,35
17
58,23
58,36,55,31,47,45,11,44
17,33
18
13,40,45
42,56,31
36,11
11,25,22
46
16,18,24
16,43,38
31
13,33,52,28,21,45
36
17
17,18
16
29
6
16
16
41
46,56,21
46,13,6,36,28,18,33,42
33,55
6
49,50,36,12,31
52
54
13
33,25
6
2,43,8,12
45
4,36,18
3
18
57
16
37
19,16,41
8,56,5
40
16
58
40
20
16,45
34
27
33,25
55
9
16
51,18
37,45,18,23
48,13,3
34,42
16,36,10
4
16,18
51,59
41
16
36,52,18,11
6,51
50,62,23
36,52,18
36,35,45,18
6
46
3
57,39
30
47,9
16,31
45,11,43,18,41
48,13
30
54,27,14,18
13
24
25,33,61,11,9
37
24
13,36,18,11,37
39
41
6,36,39,37,41,25,18
18
3,48,13,16,24
16,12,30,43,18,11,52
7
16,41
3,13,20,25
16
41
13,3,6,55,18
43
59
36
3,13,27
19
16,36,25,37,45,43,44
47
36
13,42,39
4,31
56
13
24
5,40
35,10
36,24,39
33,25,12
51,30
16,36,41
43,44,11
25,44,11,18
16,55,24,18
56,45,32
14,45
62,33
26
62
33,39,30
13,48
33
36
37
12,45,11,55,18
3,58,13,16,17,9
3,48
37
3,31,23,62,61
16,31
4
58,3,13
31
45,11,18
50,60,13
17
43
51
24,9
21
4
4,28
24
36
16
21,40,35,47,41,37,24
18
1
46,53
13
62
4
16
19
16
16
48
6,10
27
50,3,13
32,35
36
22
48,13
55
4,25,33,61,11,18
9
6
40
16
14
46,15
48,13,3,17
11,55,38
57
2,36,11,18
43,11
62,53
47
36,45,11,18
3,18
54,45,11,14
6
3,36,52,11,25,33,12
36,11,25,18
6
32
34,57
26,36,30
32,22,28,31
49,3
31
6
24
6
40,24
46,6,22,8,18
41
46
60
18
58,5
13
16
30
46
41
51,27
58
13,4
19
3,13,56
49
12,43,25
37
16,10
51
21
6
24
45
17
6
36,12
6
11,18
36,17,35,37,45
3,4,36,12,11,18
30
21
16
3,25,21
7,36,35,40,29,27,33
26,45,18,55,31
58,42,57,47,22
43
46
6,18
25
2
36,37
18
36,12
45,17
8,21
3
16,36,24,18
4,16,39
36,5,21,38
6,31
16,37
31
13
24,25,10
16
13,4
22,35
49
16,45,32
51
16,18
29,42,17
36,35,39
17
4,16,26
2,17,37
3,13
36
37
4,16
36,30,11,25,12
2,33
3,13
16
6
23,62
40
13
48,3
48,13
56
13
3,11,33,12
62
13,3,6,43
16,32,54,55
48,3,13,16,45
13
39
16
40
43
33,8,43
16,18
41,54
18,33,31,24,14,1,12,25,11
1,41
18
16
50
54,22,56
36,12
53
41
13,36,35
26,37,55,54,43,31,12,57,44,23
5
10,36
16,36,37,59,45
55,18
16
16,36
1,39
36
15
6,16,61,24
17
24
46
16,37,35
12,55
16
45
18
40,21
59
39
13,50,60,3
29,12
13,15,23
59
18
18
12,11,18
16
13
26,42,61
13,16,62,11,33
6,45
16,11,12,10
54,25,11,18,35
4
19,29,16,39,33,30
4
13,3,16
51,16
18
36,37,9
16
45
36
55,44
50,13,12,11,33
56
43
4,18
58,57
4,16
36
36,45,59,21
13,49
36,45
29,37
41,36,18
6
31,41,47
4
5,40
35
3
40
44
13,36
31
57
45,61,11,18
29,18,45
6,14
13,35,44,37,55
6
19
16,59
48,41
15
7,6
16,17
5
13,3,49
16,36,52
36
49
18,11
24
44
6
6,22
24
45,32
16
34
16
16
58,48,31
48,13,3,43
18
20
30
36
37
11,12
16,36
55
19
53
13,3
24
16
16,18,10
36
16,38
16
50,48,13,3
13
25
33
2,37,18
61,9
16,45
6
29
59
35
60,7,36,45
16,33,61,54,11,25,38
36,41
16,6,18
16
10
13,3
58
13,12
16
31
50,11,18
16,36,14,11
3,36
54
41
26,21
36
60
26,36,11
26
25,11
14
3,29,47
59
12
16,41
36
55
13,3,23
49
13
48,16
16
16,36,11,18
43
18
36
46,49,28
48,3,4
6,36,55,43
58,56
1,30,39
36
56,37
13
51,36
43
34
16
39
16
45,18,11,55
16,40
16
38
48,13,3,33,25,11
37
36,12,25
36,45,18,52,30,44,40
16,33
46,58,59,42
41,36
36
1,22,33,25
51,18,8,33
46,35
41
36,52,24
48,3,36,30,17
36
2,4
16
59
36
16
18
36
8
42,31
41
34,1
17
12,25
13
25,9
36,18,11
16
6
46,58,16,41,17,54,40,37
45
2
19,41
53,28,1,33,8,25
36
16,36,25,18
9
4,36,12,33,22,1,41
4
58,50
36,12
40
7
29
15
3,13,16
15
13,11
62,35
6
20,53,40,45,33
14
45
49,13,3,45,35,12,37,10
36,25,57
4,6,18
58
11,18
18,61
37,10
16
62
43,39
51,18,55
40,5,47
19,16
48,13
6
43
36,59
36,39
24
16,31
33
7,12,55
17
34
36,18,45,55
16
13,3
42,57
21
19
16
43,11
58,45
49,3,58
16
16,18
45,32,11,38
6
20
51,33,25
16,11
11,43
16
16
10
41
2
16
17,41
3
16,61,24
5
21,9
43
22,24
12
2,29
16
24
5
16
31
36
41
2,46
48
48,13
18,36
11
16,36,11
36,39
6
57
48
13,58,33,18,37
4
49,16
41,18,25,33
6
6
41
19,51
3
41,9
6,45
46,19,51,54,18,33,30,52,12,37,39
37
16,37,36
35
6
33,53,11
52,12
6,18
33,11
58,31,44,61,36,18,11
40
13,16,18,12
16,36,18,32,11
34,40
31,52
19,36
58,36,45,32
4,38
13,48
45,44
24
16
43
31
58,13,56
51,16,18,36
31,14
50,49
4
17
18
32
19,11
13,3
13
55
58,25,37
60
7,26,30,25,40
45,36
