1,2,3,4
6,7
8
9
10
11,12,13
14,15,16
17
18
8
19,20
21
22,23,24
25
8
21
26
27
23
28,29,30
31,20,32
33,34,16,13
33,35,31,36,13
34
37,34
38,39
1
40
42
28
43,44,45
38
33,13
31,20,19,46
47,48,49
51,26
20
52
53
53,54
53
8
51,1
55,20
46
8,56
57,55
31,58
59
60
60
27
8
61
4,62,63
20
51,16
25,65
58,20,35,31,8,11
66,39
67,20
9,8
20,62
60
66
53
6,44,46
68
25
25
28
54,19
48,65
34
63,42,46,31
69,70
28,25
46
16
46
42,54,71
28
44,69
8
56,72,65
44,46,12,16
19,73,53
44,40
26
62
74
20,3
74,46,44,6
28,44,26,75,25
76
36,66,77,25
12,78
36,34
10
1,79
39
27
80
8
26
26,81
8
67,46
9,51
31,20
82
83
62
27,68
84,23,11
73,51,19,12
45
85,57,44
28,44,7
19
63,42,70
27
55
31,20
28
32
53
46,86,58,73,61
73
73,28
26,70
44,46
87,20,68,45
18
75
44,46,84
44
46
88
27,37
14,23,6,44,12,24
36
46
46,32
2
52,73,46
20,44,12
89,44,8,1
14
28
44,67,37
85,70
87
49
52,19,15,24
31,20,60
90,75
48,58
57,29,20,91
51,68
7
8,9,81
62
79
11,23,79
11
34,20,31,79
92,56
93,46,72
30,21,31,84,20,91,68
38,32,17
79
31,20,19,8
46,12
44,83,26,68,16
38
8,19
8,68
42
44
8
8
46
33
66
44,1
11
52,94,20,62,89
34,62
65
54,28,95
96
59
58
34,60
93
74,19,49
97
12
28,26
23
28,75,68
78
94,8
15,19
60
23,67,12
58,11
31
73
6,16
38,46
39
98
62,35
10
46
88,51
55,70
12
8,32
72,46,93
22,6,44,65,1
28
66
40
66
77
4,26
21
44,35,9,12,24
4
6,8,42,32
63
46,45
3,4,40
96
37,20
14,72,53
29,30
89,73,12
67,44
49
8
44,54,78,81
20,62,25
36,44,7,98
33,67,23,18,12,13
90,7,44,28
49
55,26
17
51
34,39,77,25
61
15,8
58,20
19,99,18,12
87,84,20
68
62,12
26
46
69,44,46
20,40
23
69,79
11,16
25
40,32,45
68
87
4
48
23,55,12
14
20
51,54
8
46
1
10
16,27
46
59
87,55,16
52,56,11,100,24
8,81,78
65
8
14,44,6,8,12,65
14,58,8
30,29,8,80,9,25
8
20,84,71
89,20
65,24
23,68
8
20,11,58
48
31,99,8
10
52
8
81
80,5,36,67,18,29,30,68
62,49,81,71
28
43
11
11
61
44
6
2
23
14
53
8,23,73,32
8
71
34,63,85,42,8,12,25,97
60,32,25
11
57,26
60
58,53
53
65,24
44
68
8,84,73,78
29,2,1
8
40
30,27,75,25
99
56,66,57
20
8
23,27
23
44,74,37,62,26
8
10
28
36,25
14,46
14
58,85
8
51
36
44,25
74
62
58
70
26
46
28,97
8,49
13
14,8
73
34,92,56
37
28
57
4,8,69,72
45
19
67,60
16
14,28,43,51,45
11
55,6,44,20
93,97,1
4,96
23
85,58,44,75,78
19
51,26,25
41
99
68
62,25
20,93,38,75,26
16
4,3,51
16,23,39,68
63,31,12
55
11,24
74,25
22,68
73,23,68
57
28,97
90
68
68,25
75,97,49
20
96,44
49,81
11
8
94
14,73
56,67,55
23
52,66
55
3
8
52,50,63,82,42,37,81
95,73
34,73,20,11
88,81
61
72,73,8
23,46,19
12
23,20,41,46
51
26
8
62,41,26
8,32
9
95
18
8
6,44
44,98
36,25
34
31,43,76,11,20,45
36
64,11
4,69,57,26,78,1
11
57
40
58,10
46,39,97
69,43,95,16
1
57
69,8,20
58,66,36,25
29,30
8
75,91
94,62
31
98,7,18
40
2,74,40,31,8,20
20,8
69,41
35,58,11
16
1
69,4,41,34,37,17
12
20
18
20,67,19,46
13,33
51
88,42,44,98,17
51
52,8
8
20,94,46,23,92,25
12
28
44
83
5,63,42
53
28
51
23,69,4,67,96,98,50,70,12
73,19
51,73,26,97
54,20
46,97
54,84,28,24
44,16
36,8
99,87,20,67,23,8,68,49
53,36,25
4,75
84,32
28
92,7
34
20,51
14,31,8,73,45,10
48,73,49
12
62
50
9,98,11
91
76,43,86
75
46
61
55
22
68
62,52
68
36,80,7,6,46,81
51,68
8
23,31,58,8,44,12,1
46,51
53
51
44,88
31,20
94
8
94
100
44,20,15
68
12
44
51
59
91
56
68,8,78,71
49
26,17,25
98,7
28,75
4,47,67,36,53,25
80,30,29,25
46,10
85
52,44,37
14,8,71
91
33
8,20
38
23,28
53
44,40,8
98
8,26
93
16
86
10
23,10
81,10
48
38,87,19
89,94
6
57
60
44
4,50,44,82,99,46
46
44
80,6,88,7,44,17
94,23
19,75
73,8
25
58
31,99,44,6,7,93,8
23
19,37
6,7,44,36
26
19,20
11
87,61
38,21
14,46,69,72,75
91
88
21,3
73,8
18,10
8
8
20
47,8
44
62
16
44
88
10
62
20,56
37,57
4,23,25
8
18
23,61,99,49
11,10
12
34,44,20,28,4,72,43,12
65
12
11
51,8,52
3
21
84,8,9
71
20
20
62
8
12
51
46
42,63,28,10
46
44
23,63,50,42,82,70
12
43
8
14
6
91
12
8
82,62,12,26
31,20,58,12
74,7,44,8,20,12
46,78
75
47,7,6,46,32
19,74,46
8
60,12
72,8,93,20
44
55
28
87,90,68
43
8
33
59
51
27,12
77
19,44
25
20,82,8,26,12
62,44,28
51
34,8,36,49
59,73
30,29
52,83
8,23
25
46,8
11
46
56
18
52
14
18
92,19
5
35
58,95
8,26
2
21
52,8,17
67
83,39,69,25
67
31
53
83,60
53
88,6
8,68,78
89,35,94,58
44
46
20,46
20
55
20,48,92
46
91
68
62
8,55
50,42,20,91
20
44,62,78
63
73,26
37,8
44,88
41,72,51
49
67,55
51,92
60,93
20
80,15,68
6,20,32,25
12
76,12
8,46
43,97
5,13,71,10
40
20,40,19,8
5,44,40
55
34
67,20,8,16
89
4
33,21
51,97
8
47,67
37,57,34,25,10
87,47,67,60,59,37
42,12
23
19,21
18
61,73,49
51,87,1
62,25
69,20,51
51
46
25
27
42,8
55,30,29
23
23,16
19,20
52,8
96,20
8
56
26,79
73,51,49
89,94,16
57,55,83
35,12
75
34,10
5,10
47,12,68
14,45
34
15,19,54,44
26,16
18
62,20
23,18
9,36
78
84,93
8
23
46
20,52,46,44,84,65
8
8,20,31
22,1
28
20,61,97
96
25
8,25,79
75
8,37
34
44,46
69
23,73
52
51,20
28
62
74
8,91
8,7,6,44
53
28
19
74
24
28,69
14,88,96
72
8
29
35
48,25,10
99,81,25
8
18
88,69,51
99,20
7,6,44
25
68
34,47
58
49
37,57
8
1
20,19
62
58
74,57,98,73,25,45,49
47,23
93,37,44,89,25
25
4,8,78
37,34
18,92,16
98,44,7,92
14,23,16
25
26
14,73,11,32,70
67,23,31,19,73,8
38,69
83
19,52,34,8
23
8,17
53
95
20,28
25
8
21,20
20,73,62,78
52
10
83,31,20,44,26,12
14
20,18
31,58,16,25
66,58
8
98,7
66
43
16,25
30,21,68,100,25
36,93,7,67,6,78
21
78
82,42
20
20
66
56
85
12,10
28
8,35,20
8
40,58,56
4,69,73
47,29,30
44,20,25
46
44
33,18,12,13
55
99,23
58,35
27,68,49,17
2
53
59
64,5
38,89
40,27,99
12
8
44,97
58,42,50,71
44,6,68,25
58
46,63,42,12
18
25
43,8,20
23,8,9
44
50,82,34
20,38,23,8
95
4,34
64,94
83
57,23
60
8
76,43,58
89,94,85,73
14,18,25
20,18,23
40,56,5,25
12
63,11
21
50
63,70,12,25
34,68,25
44,75
11
75
34
52
11
23,27
20,48
4,6,44
80
69
52
92
69,1
90,93,29,30
8
8
33,13
47,3
46
73,19,21
92,37
27
20
12,71
61
88
39
62,12,49
63,42,46
54
8,100
20,44,46
55
51
72,97
53
56,49
54
58,23,20
31,68
2
3
8
26
46
26
43,92,23,58,96
8,27
20,6
20,31,83,66,25
73,46
46
8
8,31,20
44
74,86,61
51,16
8
66
23,66
43,16,71
73
84,16
20
34,28,78
43,13
66
51
46
88
46
76,43
52,46
32
51,1
34,76,12,100
24,34,44,31,58
19,81
99
37,73,8
10
8
21
62
73
66,17
45
64
39
58
89,11
46
83
68
56,63,82,11
23,100
15,58,20
60
11
21
19,16
36
1
80
8,37
58
98
18
33,27
44
2,8,75
8
20,46
18
26,45
90,55
34,12
51,28
25
22
4
90,44,100,17
47,1,78
8,75
12,49
11
49
33,13
9,8,24
14,63,50,46,42,26,70
51
9,8,20
23,58
57
96
46,54
2
23
8,20,44,3,25
55,28,44,93
37
47
76,43
25
25
2
83
72
22
53
87
18
8
68
97
94,8,73
6,28
48
53
2
87
19,23
12
63,62,49,45
8
25
21,29,30,25
8
87,4,79
59
14,59
20
31
59,25
45
51
80,68
75
100,79
84,44,80,78
44,16
18
18
69,20
38,44,6,46
93,51
77,97
53
20,26
3,8,32,26
46
26
8
71
77,46
66
8,52,36
84,27,12,25
73
44
8
36,8
20
25
8
87,77,12
73,34,68,25
65,44,25,36
62,20
28
8,3
89,76,63,42,23,56,68
57
46,25
29,25
38,19,8
62,20,75
23,82,58,53
22
9
22,6,51
22,12,26
97
22,1
12
10
8,25,79
68
83
28
23,12
46
71
8
58,23,11
44,27,6,78
27
38,15,26,45
30,68
58,16,25
15,19
51
44
35,20
21
44,61
30,36,46,6
44
28
52
26
33,13
22,49
44
67
46
55,27
42,50,23,25,78
90,30
8
14,16
2,73
78
25
12,24
43,8,12
28,57,55,2
95,8,9
48,12
41,75
51
51,68
4,20,8
44,52,20,46,26
20,9,39,76
46
2
31,20,32,81,71
18
14,40,3,23,42
57
26,68
79
74
6,7,36,26
8
71
6
20,58,59
74
43,31,20,36
4,34,93,44
29
44
91
75,68
8
8
58
12
96
60,67
5,84
67,12
19
8
23,27
26
20,34,25
11
92
93
96,55
23,20
44
73,51
55,20,25
34,59,44,88,16,10
66,34
11,16
59,26
98,44
19,32
14,44,51,6,7,92,93,85,96,16,25
4,28,44
90,80,25
8
55
79,94,22,44,67,8,16
87
25
30,75
26
83
22
74,46,15,65
40
75
56
20
62
40
80,25
69,35,20
44,37,65
8
46,19
52,8
19,26
96
19,23,73,45
57,78
22,25
92,26
99,8
25
8
74,44,54
20
39
25
42,4,8
44,61,16
75,97
19
31,58,20,73
22,25
20,8
8,26,17
8
8,76,43
77
35,11,44
74
26
17,25,78
8
11
10
72
20,91
8
67,8
10
2
90
2
87
44
35,58,25
44,20,25,65
23
34,2,44,93
8,84,52
88
85
35,83,33
44
65
88,31,20,12
4
58,35,83,1
44
83
61,20
54
25
55
16
1
18
40,28,20
19
72,38,23
5
4,12
77,8,44,25
20,49
48
37
57
68
19
29,20,75,68,91
44
12
8
27
46
44,66,12
46
35
99,18
51
96
27
45,49
84,18
43,46
18
28
74,1
73,53
43,97,71
34
34
18,33,12,13
31,20,8
14,73,15,8
97
8,78
34,44,68
53,13
53,12
52,10
34
67,23
62,36
46,30,29,68
44
5,18,10
25
81
33
12
33,12
30,29,80,57,58
51,26
30,29,80,8,15,75,10
84
55
8,25
20
76,43,12
64,58,35,20,12
88,20
89
3
8,68
14,15,9
93,58,98,31,10,25
99,60
44
65
14,98,3
28
9,60,58
18,25
53
47
86
44,38
99,46
8
91
14,22,2,55,26
18
20,23
27
4,83,12
58,39,6,1
8,45,25
62
98,44
28
51,91
46
83
79
47,25
73
48
41,93,6
75
67
18,26
62
12
25
34
25
9
46
43
62
2,44,73,19
87
60
58
51
48,20,25
33,13,52,49
8
44
37,34,26
25
79
73,53,19
8,58,25
74,20
39,75
56
8
28,52
8
14
8,68,78
66
14,20
23
46
68
19,61,10
53
34,20
23,60
24
43,8
28,38
25
20,19,25
2
21,16
56
62,34
58,11
89,8,19,75,91
8
46
12,10
53
93,44
23,94,10
8
74
1,25
67
8,75,49
20,53
14,44,68
18
73
14
46,77
41,69,25
54,52,58
65
48
14,73,49
62,68
8,34
22
70
43,8,12
98
27
23,99
8
18,12
18
88
68
19,20,46,44
14,12
48,8
53
32
69
46,86,58,73,61
29,68
40
36,59,49
93,69,24
11
44,12,25
58,35
22,47
73
64
61
44,36,58,96,51,25
89,94,48
60
44,26
64
59
62
92
14,61,44,20,35,75
44,74
72,59,16,49
8
45,78
60,20,32
76
7
25,2,46,12
28,31,20
43,60
57,47,58
69,98
76,94,55,89,25
52
72
20,37,8,44
40,67,87
68
40,27,74
34
14
87
81
3
41,93,81
51
62,61
69
44
18
58
28,52
58,48
14,25,8,20,35,58,12
20,54
44
51
25
23
46,68
18
61
77,12
1
20,31,8
54
62
14,20,35
41,69
26,49
67,66
16
8,19
78
12,100
44,51
80,68,1
8
36,44,34
12
38,8,20,19
19,31,26,45,25
61
88,81
39
88
20
51
12
50,12,70
6,7,44,92,25
34,44,85,25
74,25
46
98,84,61,25
74
25
46,81
51,23
16
71
50,63,61,21
99,18
14
37
43,20
92
20,19,8
14,20,49,25
69
16
57
55,37,78
65
20,8
88,10
34
87,28
16,25
12
58,46
56
8
53
60,56,68
20,60
44,15
44,8,36,100
55
77
10
16,55
48
48
14,8
27
37,15,38,32
47,8
83
100
74
8
62
12
46
8
25
23,54,46
25
14,16
51
87
12,49
51,26
19,28
33,61,98,93
28
75
28
42,50,49
64
37,54,8,78
74,93,97
12
80
47
23,92,66,100,25
81
12
61
57,62
27
20
8,12
27,99
20
73
61,26,81
18
58,62
33
46,34,78
49
8,94,73
67,80,30,75
93
44,6,86,39
44,48
16,24,12
83
25
20
44,95
20,78
97
55
62,37,26,14,45
68
41,51
11
26
73,19
31,20,19,61,12
34
16
52
47,25
23,8
31,20,23
85,38
44,86,81
26
31,57,26
36,8
2,31,20,94
22,86,49
50,4,25
95,59
33,84
78
23
30
93,51,44,53,40,75
14,8
8,26
87,44
61
46
8
46,68
67
58
83
9,25
18
8,78
8,20
83
8,12
20,21,71
27
74
14
46
83
21
12
73,6,44
44
81
28
27
40
16
90
42,63,68
75
84,44
20,28
58,20,5,51,18
11
8
91
28
80,34,44,93,95,37,66
12,45
8,19
8
51
53
26
20
37,67,23
8
16,7,6,37,8,44,25
37
36,58
8
46,26
34,36,69,8
8
20
20,8,10
75
98,8
75
73,68
44,46,37
99
99,27
46,42,24
60
28,51,32
93,69,4,65
8,26
8
37,25
91
26
57,20,1
8
16,37,44,6,17
60
53
43
62
7
28,35,20
20,19,12
63,42,35,73,58,23,12
56,29,30
14,8
99,46
14
14,79,1
36
28
69,73,2,12,70,25
18,12
4,44
8,20,53
95,26
8,77
8,44,68
34,28,7,44,100
39
83
21
13
31,26
51
69,62
83,12
20,57
22,49
53
74
20
64
8
42,49
47,8,78
28
25
99,12
18
35,20,60
68
52,86,11,36,25
28,55,58,12
76,43
20
51
76,43,37
40,8
12
44
38
85,8,83
23,76,43
23
38,86,93,6,36
9,26,78
56,27
11
62
1
28,58
14,85,89,46
8,49
36,10
18
88
27
39,26
8,100
6,93,44,57,37,25
38
74,8
62
80,25
46,38
3,51,97
46,77
55
8
13
99
22
19,48
23
53
14,86,7,98
59
11
20,51
23,8
61,77
34,56
10
40
28
62
34,25
68
20,26
66,22
7,98
77
48
78
69,71,78
16
42
54,62
69,41
6,44,62
2
46
87,31,12
12
46
23,86,8
74
18
83
22
65
13
35,58
58,67,73
33,18
8,44,6,78
26
74
28
18
88
74
30
46
15,58,67,60
58,8,25
34
47,26,65,71
73
33,12,13
29,80,86,8,68,1
5,10
73,46
25
38,46
29
89,62
12
8,45
30
8
20
26
19,94,54,53
12
43
18,64,77
14,31,20,46,26,81
46
26
12
74,55
29,8
74
73,61
28
59,72,100
76,43,16
8
76,43,84,44,34
53,31,25
34,61
7,6,32
20,55
12
26
23,12
51
41,62
4
52,64,23
47,65
34
59
99,20
12
46
33,13
8
63
26
4,7,47
21
90
51
16,8,70
47
97
15
83
34
23
92
55,20,26
7,77,68,81
56,79
25
76,43
64
28
26
72,80,55,96,75
10
39,44,34
28,79
10
99
12
75
36,61,10
62
34
53
37,8,96,67
62
34
23,56,58,66,25
97
20
46,38
93
62,92
27
53
26,25
46
62
16,46,26
37,12
38,46,1
26
6,7,79
28
93
67
19
33
59,16,44
100
36,24
62,68
99,8,67
87
46,15
84,41,57,58,78
44
87
90
20
69
98,43,14
12
30,43
56,96
65
78
72,20,15,8
58
88
27,25
34,16
51
23,34,84
18,46
20,61
67
14,20,46,78
4,2
64
44
42,82,63
46
62,97
28
20,35
31,20
19
4,72,69,28,49,25
46
97
16,77
20
41,44,34,88
8
37,77,97
46
27
67
8
47
8
81
45
63,42
66
83
16,69,83,81
55
46
2,19,3,74
93,8,24
76
90,16
22,99,8
27
92,19
34
11
51
19,58,54,73
46,10
89
83,62,49,1
41
93
3,90
60,75,68
6,80,26,68
8,20,43
8
47
66,23
53
12
25
18
51
28,99
53
88,65
41,51
90,16,26,79
19,51,20
62
61,20
8,19
94,85
100
2
19,26,71
24
33
53
16,12
19,10
56,23,70
37
72,43,68
36
26,49
46,2,40,8
59
44
77,19,42,63,78
58,77,10
81
72,12
95,86
44,97
18
79
64
20
18,46
37
51,3,32,75
44
88
44
6
14,2,90,73,40,93,41,51,87,81
61
18
14
36
78
49
73,14
66
87
27
34
85,48
8
46
19,73
35,33
2
48
14,81
16
19
28
93,6
33,95,25
31,56,78
33,26,13
20,45
11
18
63
74
77,68
11
19,20
8
10
30,80,68,25
18
19
37
5
20,8
71
87,78
75,68
87
9,23
51
14,73,8
63
60
74
55,81
90,46,68
48,68
19,73,21,46,8,44,25
40
28,25
99,55,12,49
64,44
23
10
21
46,68
11,58,100
68,97
14,30,27,68,100
55,25
74
18,13
8,73,89
83,37,31,20
8
41,2,71
8,75,25,91
69
23
80
28
26
6
28,51
59
51,74,52
73,48,19
51,20
20
23
54
30,80,29,68
32
6,44,63,82
20,44,32
95,25
36
73,28
83
44
35,86
11
50,42
57
56,10
14
11
20,19,8
78
63,46,9,42,78
76,43,55
8
16,41
42,23
12
46
72,8
27
20
88
83
41
1
65
75
99
34,2
19,28
8,100
14,19
19
75
77,33,74
89,58,53,12
46
57,23,68,17,78
23,53,89,44,7,6,98,12
44,95
20,46
50,46
35,44,99
22
53
63,42
86,78
8
28
62
34
92,19
99,35
18
99
87,62
46
7,92
6
62
28,25
29
11
41
2
12
58
65
55
11,62
19,54
34
31,83
67,20,99,77,23,25
68
19,20,71
86,12,25,36
6,5
85
74,34
46,90,67,85
34,44
8
3,41,20,31,26,45
56
46,96,97
19
65,44,23,8,25
48
96
8
18
76,43
31,20
36,88,41
19,24
21
89,20,73,8,68
12
27
33
73
51
33,62
68
40,20
8
51
8,26
31,20
22
60
55,71
19,32
83
7,92,66,44
99
18
14,90
52,66
80
58,8
12
43
51
83
35,39,53,31,20,77,43
22,8
61
26
19,8
95,17,49,1
12,78
94,88,67
19,23,53
87
31,53,32
68
98,77,50,42,12,70,10
67
12
47,31,34
20,25
20,44
8,31,20
12
47
23,73,12
35,36,20,25
35,98,7
66
11
18
19
19,32
26
73,52,20,99
18
19,40
12
14
97
14
33,44
8,23,31,20
58
44,7
72,12
46
60,67
51,22,75,100
95,46,25
28,68
66
22,93,68
23,12,10
77,25
46,74,25
40,23,70
46
58,94
74,44,46
23,81
28
67,5
20,19
20,8
19,12
26
27
68,25
20,8
84
4,34,78,71
8
78
52,36,11,26,81
51
8
61
18
23,66,25
23,56
26
11
67,68
8
46
11
62
5,23
46
99,8
14,16,72,28
46
96
49
31,20,19
12
49
44
38
27
46
11,12
46,73,19
53,42,63,58
96,39
46
65
53
28
2,30,29,62,68
63,42,52,20,19,8,70,17
51
67,8,23
67
20,19,15
44,66
43,97,71
15,46,10
84,68,25
8,49
20,31
55,87
84
69
2,46,78
46
8
20
12
20,97
8,85
58,31,20,8
23,12
11
34,23,44,61,45,25
46,26,97
97
16,25
83,20,35,73,34
44,93,46,97
44
8
13,33
61
90
38,67,46,20
86,23
8
28,3
74,6,8,68
86
20,8,81
20,42,11
99
12
42
44
62
36
62,8,25
66
74,53,44,6,25
54
49,45
33,18,71
48
58
20,19,37,8,12
34,23,84
98
97
8
48,16,25
74
23
8
56
23,79
20
25,30,69,75,16
39,53
50,42,12,70
55,71
34
4
16
20
18,24
29,68,17
19,73
64,8
66
4,57,47,79
16,74,36,47,100
62
69
19,10
16
66
67,23,13
78
23,19
14,56,38
53,98,7
38,91
23
55
23,66
20,45
55
58,100,81
58,1
51
58
32
62
83
46,38
29,88,6,26,68
8,26
24
46,37
84,1
25
73,93
23,89
98,37
99,12,26,17
8
94,61
44
20,31,67,51
36,23,66
11
16,68
43,8
16,44,69,74,19
50,42,82,23,63,58,20,35,28,12,70
20
88
36,25
20
19
55,25
8,66,79
44
19
99,18
53
20,53,12
13
23
8,12
96
58
83
66
54
36,66,23,81
27
46
8
14,34,67,68
66
18
55
8
49
57,55,83
20
8,20
53
53,12
95,58,67,66
61
41,37
16
12
21
26,8
76,9,38,39,58,34,59
14,44
14
67,60,20,34
25
37,23,16,25
34
66
40
12
1
8
8
8,10
62,73,86
44
28
19
44,91
2
8
77
41,55,97
67,93
52,61
2
55,42,49
11,83
87,8
89,20,12,10
8
44,48,25
12
5,36,71
68
25
68,1
44
52
23
4,94,39,46
30,80,29
87
40
8
66,95,36
80,46,49
3
8,63,42,70
53,12
98,63,58,79
8,75
48
33,18,19,12,25,10,13
40,29
73,31,9,8
39,61
14,99,35,58
8
27
37
5
26
14,34,67,59,57,71,78
55
1
37,78
53
8,19,79
60,1
15
55
77
52
57,75
8
16
23,19,12
44,34,25
28
20,35
34,33,18
20,8
55
18,10
29,75,26
8
8
23
46
46,44
37,41,6,46,62,75
3
12
2,8,68
18,49
46
8
27,20,24
54,31,43,42,61,49,45
72
84,85,9,34
47,67,25
2,8,41,69,81
18,12
28,75
80,62
51
56
8,42,63
52,44,71
58
3,69,75,71
44
8
55,68
62
28
10
66
62,12
12
81
22,25
87,62
16
44,65
30,65
2
83,20,9,34,36,58,11,25
15,38
59
44,8
20,8
31,20
63
8,12
73,66
42,62
14,78
11,58
8,75,91
75
75
20
42
44
20
77,83
54
58
28,69
6,44
46
53
8
4,72,25
40
53
51,46,19
90,44,6
68
46,9
74
78
20,58,8
21,11
27,62
33,18
19,40
20,9,51,26
41
26
44,7,6
65
18
37,77
57
53
27,25,68
12
26
60,75
58,59
65
89,8,17
8
58
22
8,10
8
31
67,47
62,46
46
25
12
58,18
25,7
73,20,23
12
12
24,86,34,6,44,38,7
58,46,45
14,11
88
69,4,33,44,26,97
4,69
19
20,73,49
39,94
67,55
50
25
69,8
50,23,42,28,15,19
80
93,69,4,100
7,6,44,46,24
46,32
8
4,78
46
60
60,43,12
74
36,62,12
31,19,8,20
46
69,14,81
64,12
62,32,26
72,86,6,46,12,97
11,23
73,8,97
60
43,73,62,25
56
59
43,76
23,8
8,61,67
93,18,65
26,97
23,8
8
14
20,46
25
46,20
12
73
98,7,18
89,94,36,35,73,25
73,11
89,94
46
42,63,12
20,35
19
53
57,68
62,68,25
12
6,3,8,12,26
8
84,74,60,25,79
20,44,97
22,8
44,58,12
64
9
61
44,11
23,44,20,12
59,100
51
100
72,3
79
22
87,90,81,10
53
25
53
15,90,81
4,8,49
41,3,51
4
46
46
66
51
4,42,41,12
90
29,68,97
11
23
58
15,28
19,20
44,15,46,37
54,100
93,97
90,9
16,17
68
9
45
11
78,79
28,65
28,66
40
16,87,67,8,26
1
4,51,28,32,75
68
62,20
60
23
51,28
15,19
28
99,18
46,23,98,44,52,25
52
62,91
66
12
64
99
53
67,83,60
23,25
34
12
91
61
23,46
23
40
74,51
46
40
33
54,23
46
18
8,12
11
42,18,23,25
5,22
94,12
12
34,23
20,63,46,50,42,12,70
11,6
77
8,46
12
44,47,67,89,50,8,25
34,21
38
53
99
11
26
51
34,71
72,46
19,73
15,38,62
14
73
62
31,20,46
66
22,15,20,87
9,8
62,91
20,32
87
20,19,65
67,11
55
19,31,20,8
52,11
22,20
20
8
75
62,12
8
14,33,35,18,52,17,10
51
23,53
13
58
95
62,78
56
18
41,68,91
82,63,50
46
22
12
16,34,58,92
41,62
24
46,20
34,38
59
8
51
7,52,61,58,31
37
73
41,26
83,48
48
20,55
12
20
1
8,89
14,88,12
67,97,49
36,8
92,58
96,36
19,20,31
46
47,66,81,25
58
20
14
28
73,4,25
84
56,1
30,29,73,20,38,68
23,8
44,65
23
46,17,71
14,15,39
10
64
20,8
66
12,25
8
65
7,46,6
8
37,8
63,22,34,96,68
70
23
86
46,12,65,24
44
19
35,21,58
44,6,8
14,23,94
18
59
25,24
14,72,7,6,68,45,25,1,78
16,56
22,20
12,79
31,20,51
7,98,58
8
46
48
44,66,7,92,36
31,19
6,26
41,51,28,4,69,84
5,64,23
98,7,44,17
23,20
14
94,12
3,16
98,7,92
11
51
28
21
20
20,94,58,9,38,62
53
51,44
56,23,73
55
18
50,70
23
51
8
20,25,65
28
60
96
64,9
31,20
59
8
36
11
6
44
83,12
4,69
11
25
51,25
98,7,44,8,49
31,20,81
44,9,82,50,73,11,26
46
55,26,25
44,20,68
19,20,21
23,56
12
8
8,12
20,19
98,44
34,27,26,97
61
44
38,40
14
68
39,25
99
20,68
15,19,20
4,40,12
5,98,61,44
42,62
11,58,12
50
20,19
2
99
59,73,94,58
47
8,10
44
99
50,53,25
41,62,4
26
19,65,71
57
92
93
30
15,23
8
19,20,62,71
55,45
35,82
8,75,91
44
52,7,93,42,62,70
44,17,71
46
48
46
16,75
44
7,25
66
24
51,65
33,13
53,68
40
46
44,73,25,24
44
23
87,67,74,25
7,6
94,48
51
63,58
50,42,44
59
46,45
8,94,73,84,14
94,69,4,28,72
92,8,44,26
8,44,45
52,46,44
51
4
16,42,70,63,10
46
55
42
44,61,41
51
51
28,44,65
27
20
20,4
55
78
14,90
44,68
73,20,35,58
28
46,42,26,45
51
8
80,30
57
8
28
37
98,44,77,25
62,25,91
8
96,36
40
62
8
30,29,68
71
27
34,8,17
44
36,60,25
56,68
80,68
51
33
38
80,68
37,46,42
54
73
20
20
49,79
20,12
11
35,95,27
8,85,20
14,26
61
8,52,68,78
45
73,100
11,17
3
22,68,81,79
8
29
23,92
14,91
8,56,38,1
20
2,73,69,8,12
25
44,20
93
8
15
98,41,29,30,97
8
89,78
3,53
9,20
4,2,8,97,49
26
75
25
90,99,18
8
86
58
21
67
51,95,44,65
38
6,88
16,96,25
28,7,62,25,79
71
72,51,41
8,49
32,78
34,52
18
64
53
2,56,81,1
14,57,1
69
4,41,49,78
8,49
51,79
59
54,35,95,99
23,12
15
23,8,20
32
14,37,90,8
67,8
8
83
14,46,67,44,68,25
39
51
46
4
62
88
4
64
75
20
59,69,16,41,26
20,8
18,23
10
52
8
28
34,44,46
55,97
33
85
27
77,15
8,44
87,55
20
18
90,98,8,56
50,87,75
62
75
74
8,71
23,84,34,9
56
25
62
31,20
87
36
96,14
69,68
8
41,11,34,78
41,44,6,7,78
22,8
27,75
96,36
20
78
40
48
61,26
62,41,91
53
23,20,45
53
28,78
20
22,25
3
14,43,70,78
8
57
36,23,28
93,44,37
14,20,56,51
20
8,17
20
31,20
24
23,16
16,12
9,58,92,48,36,56
61,38
26,45,71
44,7,98
24
88,99,26
25
6
1
8
23
37,7,59
26
23
28,26
55,8,79
12
79
8,20,63,42,65
40,75
8
11
81
41
34
34
7,44
99,2,4
18,68
64
73,20
2,41,46,26
20,61
93,6,17,78
4,2
16,11
56,46,24
56,44
44,79
27,2
87,68,49
46,78
91
8
23
56
20,35
11,25
51
75
62,35,58
85,10
99,8,70
8,5,26
31,8
28
34,57
46
53
23,8,17,71,78
44,93,97
23
52
40
34,83
4,51
44,60
46
20
6,95
16,55,44,24
79
20
58,19,31,20
12,26
8
16,34,22,83,44
30,34
46
74
19,53
56
85
75
26
30,84
28,68,97
43
5,18
41
69
44
34
8,49,25
44
52,19
44
12
39,73,89
86
20,8,17,78
57
41
94,89
46
4,71
83
83,8
20
35,58,5
46
9
46
3,4
25
8,20
22,44,20,95
51
78
67,73,38,62
10
58,76
58,100,63
47,65
86,52,45
12,100
88
16
8
46,31
59,75,79
55
73
8
48
73
85
7,53
44
8
12
73,61,99
93,39,6,8
10
20
19
6,78
66
58,66
46,19
26
8
4,44,46,26
67
25
41
40,27
20,98,36,24
18
44
65
93,81
55
52
16,99,20,25
20,31,28
56,33,18
66
52
93,29,44,6,68
66,97
23,56
46,12
32,26
8
52,30,29
62
28
58,83
62,25,1
55,31,70
49
23,8,68
80
8
44,24
8
6,26,25
55
5,26
12
72
44,85,24
19,73,83
8
25
11
5
51
29,30,68
31,20,11
88
31,11,26,25
20
65,68,62
23
10
93,44,34
62
20,8
87
86
90
33,77,18,13
47,44,48,26
51,58
21
4,30,93,36
18,12
4,46,6
61
73,82,67
8
12,24
30,25
44,53,12
30,8,12
62
93
14,73
74
87,3,20,27
12
63,42
8
3,2,26
40,73,51
28
74
61,70
67,31,25
26
6,44,46,10
54,48,14
20,46
34
59,36
19,53
100
84,78
69,81
57
28
47,25
44
69,3
93,100,81
48
53
75
52,40
91
20,75
48,36,58
90,55,49,78
40
44,31,20,19,8
38,19
14,42,46
25
43
6
53,39,19
8
1
74
36
41
48,20
11
46,25
77
74
12
20,15,26
62,90,17
8,3,45
51,20
41
42
46
9,12
88
8
8
33,27,44,7
25
34,44
8,26
18
20
8
67,19
20
58,11
90,11,5,34
66
61
72,16,44,34,93,24,73
60,75
73,46
25
8,77
2,68,25
52,87,20,21
73
11
7
52
94,83,25
34,92
17
92,48
20,19
40,74,61,32
37
61,81
12
51
20,77
26
58
45,49
46
90
1
19
40
75
8,78
55
86
34
43
78
4
7
63,79
27
62,8,75,91
62,44,16
33
20,26
5
19
20,78
58
44,52
42
55
16,46
96
8
62
75
51
81
64
61,58,31,20
29,78
12
28,75
82
38,71
46
12
96,23,12
73,43,76,12,78
34,8,25
49
47,20
64,100
12
85,95
61
20
23,22
51
46
46
8,78
76,43,20
99
21
83
71
34
64
55,42,50
44
21
87
20,56
3,44
15,73
100
52
33
2
40
86,37,44
39
12
51
30,29,68
62
55
22,16,12
8
12
53
46,75
58,19,20
20,46,26
50,73
12
29,30,75
7
33
8,85
67,12,25
44
20,8
2
83
4,8
41,46
22
12
31,20
8,12
26
31,20
12
12,70
100
87
27,33
18
20
20,73
3
86,28
34
22,68
11
38,85
58,94,83
23
25
73
4,75,45
34
28,34
76,44
8,94,85,35,20,78,71
25
40
16
33,20,18,13
12,51
14,8
8,77
8
18
38,86,93,6,36
55
40
54,62
46
13
74
33,12,13
73,46
89,62
7,6,32
10
62,92
59,16,44
98,43,14
20,35
19
81
53
37
59
8,45
28,43,85
8,39
99
28
89,58,11
20
11
41
93
66,49
66
37,67,83,25
75
22
20,92
37,8
8,85
90
16
89,12
55
84,83
4
23
20
44,19
55
11,49
12
35,20,8,12
40,8,26
8
90,44,52,6,7,37,12
75
11,12
8,44
80,46
19
8,89,62
53
76
43
19,20,31
46,50,23
19,31,20
50
44,20,19,46,10
56
94,66
14,77
14,12
29
7,6,44,4,69,46,26
62
8
68
31,20
11,20
60,62
18
53
98,37,26
50,42,52,12,17
62
23,20,71,78
28
49
44,24,8,34,65,80
40
25
47,56
46
84,44,8
99,27
8
69,23
60
25
46
66,52,2,80,79
31,2,63,71
58
16,70
8
75
40
72,25
46
73,64
64
63,82,68
100,25
28
86
46
63,50
8
47,8
23,19,81
26
6,67,44,68
90,17
11
52,44,6,11,8,12
20
12
51,12
46
10
90
99
16,52
40
10
67
52,37
43,78
60,13
67,23,54
66
77,8,4,80,67,49,25
52,8
68
39
31,20,58,23
16,44,12,49
46
43,42
38,20,53,23
28
33,13
8
59
19,53
28,44
53
20
51
46
34
44,7,98,57
66
88
60,45,49,17,78
23
69
27
16
20
39,44,12
46
6,7
34
9,11,73,49
62
80,7,68
46
92
52,80
4,46
20,8
31,30,39,8,25
46
49
52
77
75
44,93
8,32,49
43,10
7
84,65
33,3,27,13
83
51
56
46
40,19
19
37
62,54
60
55,80,73,8
74
81
38,19,62,31
8
25
37,25
99
30,8,77
8,94
79,90,47
37,20
75
14,8
38,19,12
8
8
52,54,20,6
87
44,24
58
30,78,81
20,12
3
44,22,51,99
66,44,12
72
46
52
12,68,13
20,62,25
88
12
44,20,67,51
44,19,20
46,78
16
94
68
26
60
25
53,20,19
3,56
18
20
23,5,67
74,16
64
23,19,26
34
11
75
74,37
91
90,32,26
1
86,89,8,25
11
67
19
65
16
53
44
26
16
8,19
41,3,45,49
78
34,44,62
49
8
47,96
26
25
90,40,26
28,43,85
26,24
11
59
53
8
37
24
62
91
20,11,64
37
8,99
58
28
31,20
8,9,26,78
60
58
34,57
61,59
19
80
51,68
69,59,12
95,48,79
73,8,12
16
16,91
44
35
68
73
92,42
60
84,8,15,38,45
51
14,98,59
69,28,4
52,67,86,94,8
51,34,17
11
83
28
20,96,25
75
6,67,49,78
23
27,99
26
42,44,69,63,4,12,65,24
6,44,7,23,75
14,74,25
34
20,8
91
62
14,58,43,24
78
46
78
60,25
4,44,84,97,25,78
55
1,8
62
14,71
11
54,45
89
90
19
73
68
100
28
34,92,7,98,66
19,23
60
62
60
55,46,99
14,3
69,41,42,97
12
62,6
45,49
68
58,83
58,44,36,8
8
16
35,58,8,41
30,29,68
20,78
8,44,68,45
52,53
34
59,96
27,79
44
18
8
44
97
55
78
73,75
28,51
20,34,23,50,52,11
88,84
90,3,23,27,79
88
22,53
20
45
89,85,62,78
12,17
8
28
20,19
69,51
50,8
8
60
8,21
18
82,63,42
96
77,58,68,25
14,8
46
44,25
23
44
17
8
14,46
44,49,25
88,80,25
93
3
53
11,81
44,58,6,24
44,60
34
6,44,55
72,16,49,79
12
26
12
39,38,61,91
2
26,25
87
96,58,44,6,7,36
28,20
27
23
20,8,19
44,61
51
28,43,90
31,8
9,46,20
73
66
93,6,7,44,12,25
10,44,7,12
2
23
51
23,12
99
34,46,75
20,28
3,51
92
77
74,25,65
27
12
66
6
88,56
10
8,62
83
27,12
23
19,20
21,44
14,8,42,20
96
73,8
50
44
6,20,11
63,8,42,70
66
51
60,74,99
8
2,6,44
20,8,31
79,24
14,57,70
23
51
22,8
59,9
27,19,8
8
46
100
53
87,37,96,67
46,62
18
7,98,25
17
25
99
98,84,82,25
15
51,45
14,7,44,58
40
27,99
74
16
99
80
74
7,34
28,15,20,44
46
30,29,8
33,13
25
74
89
52
8
20
8
28,49
36
27
52,44,37,20,8,45
33
42,44,8,97
27
42,8
39,83,26
44,75
46,58
4,69,72,79,10,1
8,12
57,78
67,97
16,25,65
80
81
44,18,68
51,91
87
45
6,44
73,92
6,44,59,67
14,65
26
26
12
33,62
20,47,25
26
23
86
61,7,8,12
16,37,73,9,78
17,65
4,79,24
52,47,11,25
72
59
8
44
57,58
78
27
37
77,74
8
49
44
7,23,44,78
73
90,28,25,97,72
11
10
44,46
11
20,4,75
60,89,94
34
90,36
84,44,71,49
73
72
46
37
87,82,78
20,21
51,55
53
75
42,8
94
19
55,37,97
78
62
26
56
44,4
8,12
37,46
61
46
18
12,65
36,23,49,17
55,4,69,46,12
37
14
33,42
11,77
19,15
27
19
23,96,61,56
53
14,84
44,25
11
34,84,44,68
58
99
57
61
76
49
27,26
28,75
44,62,38,9
25
18
53
19
25
8
44
8
19,38,21
28
84,26,45
44
44,74,43,73,46
20,25
73,45
63,82
73,35,23,75,25
62
78
33,13
76,43,85,9,92,83,10
62
7,23,8
59
44
46
38
99
23,73,66
67
19,20
7,25
80
19,20,60
63,82
44
8
19
9,38
58
42,8
36,56
8
28,78
4,51
40
23,78
43,77
40
8
8,19
71
37,11
33
74,99,21
27
47
19,20
74,88
13
93,38,74
71
8
20
51
75
12
36
20,58,46,12
53
20,84
99
58
76,45
8
44,42,71
31,20,22
19,20,8
5
6,44,25
5
62,10
78
70
8,31
55
9,49
99
68
93,91
20
42,99,8
100
49
4,44
57,32
68,80
46
4,3
18,68
78
8
8
12,79
53
70
8,12
55
27
8
53,12
23
26
80,22,7,44,65,78
46
66,12
37,28
68,81
19,20,8
62
73,19
44,46
69,9,20,78
20,46
27,99
69
43
14,20
83
42
34,16,93,57,12,65
8
28
14,75,10
25,79
2,46,98,25
8
18,10
20
22,69,3,4,2,41
74,51,65
89
87,83,75
19
10
44,96,93
20
19
33
52
60,67
58,12
44
2,8,75
66
20,46
12,49
33,13
9,8,24
18
46,54
76,43
18
8
48
12
8
8
20
45
51
75
100,79
16,44
14,18
18
93,51
77,97
26
71
20
8
73,34,68,25
65,44,25,36
62,20
58,8,23,25
8,3
46,25
38,19,8
62,20,75
23,82,58,53
22
22,6,51
22,12,26
12
10
8,25,79
23,12
46
71
51,26
14,78
27
30,68
15,19
51
73
84,44
77
51
33,13
98
67
90,30
14,16
19,20
43,8,12
46
95,8,9
4,20,8
90,4,28
73
44,52,20,46,26
68
31,20,32,81,71
14,40,3,23,42
79
34,20,35
34,83
20,25
23,34
13
44
76,43,34,8,12
58
35,75
43,25,76
42
18
55
60
93,88
47,67
10
50,82,52,19
8
1
11
20,18
87,52
14,44,73,47
25
28
20
37,84
52
27,82,50,15
74
20,19,16
28,26,49,81
8
20,73
9,85,71
8
36,13
8
8
79,59,16,93
46
44,56
26
22
29,49
46
11
62,78
93,20
25
35,37
19
44
8
37,60
8
69,30,46,26
13
64
22,2
60
66
8
28
34
17
25
46
46
100
21
20
59
31,62
91
44
14,58,36,25
41,4,8
8
36,8,75
62
8
73,40,8
16
21
8
8,20
75
96
8,19
8,68
63,82
20,19
53,44,20,35
56,66,100
46,68
20,35
8
31
69
72
8
73,53
58
8
73,28
23,39,20,58,11
37,44,23,12
71
8
92
44,12
39
72,49
46,58,35
63
67,44,8,34,93,68
23
35
27
8
20,31
11,60
51
20
46,9,12,26,10
75,25
51
87,25
24
4,44,71
2,38,9,39,25
25
31
25
8
51
33,18,13
20,8,17,25
78
76,12
30,80,68
42,63,8
12
43,76,8
35
82,78
1
12
42,63,34
17,78,71
15
2,59
72
46
56
38,85,61,12
33
44,37
11,12
39,37,6,65
82,42
96
44,24
23,49
4,46
77
36,5,97
77,20
5
41,69
63,42,94,58,8,17
99
52,92,9,66
27
8
7
20
14
66
44,7,6,75
87
56,8
20,31,32
33,50,26,12,13
63
4,8
18,53
50
90,37,62,32,97
25
34,96,62,9,37
49
73
46
40,8
34
40,28
42,12
77
8
29,95,8,68,78
28
8,19
36,15
8,73
42,50,43,12
40
37,27
50,80,77,87,47,67,36,12
46,73
26,25
4,71
50,65
73
62
25,78
8,73
51,28
29,26,12
59
77
8
27
53
67
42,8,20,26
25,78
53,77,25
25
27
22,37
68,25
44,28
44,46,68,25
25
23,8,25
8
19,32
8,38
97
73,8
36,25
99,12,25
30,50,42,36
63
50,42,63,12
14,8,26,25
26
46,71
84,73,8
27,84
62
53
59
18,70,25
27
25
27
14,44,5,23,68,25
23,25
25
54
66
44,7,66,25
12
42,70
28,30,68
11,12,10
18,50
25
15
8
58,12
51
90,20
70,25
37,57,25
8
99,23,26,25
84,44,23,12
31,20,8
25
25
57
14,20,46
63,18,14
12
8,23
57
28
73,8
28,27
28
77
37,77,62,44,25
15
14,63,42
28,97
65
23,42,25
84,9,99,25
8,22,70
8
8
46,49
20,97
8
19,42
30,11,26,25,65
20
25,36,50
8
37,25
28,29,37,30,26
25
77,63,27,78
37,46,27
57
73
20
46,18,50,25
25
27
8
36,25
61
35,58
12
44,96
25
42,36,25
25
46,12,97
36
8,50
27,12
94
20
47,51
27
19
63,36,67,50,25
8,26
26,78,25
61,73,25
61
22
8,25
74,65,24
8
20
18
8,68
44,50,36,25
34,57,70
42
25,78
22,8
8
8
46
8
25
67
46,29
90,8,37,97
8,84,15
12
50
18,65
4
42,82,50,43,76,12,25,65
77,8
36
50,15,27,25
36,73,68,25
66
44,36,27
25
30
46,62
46
67,49,25,10
28
20,46
49
89,44,30,28,26,25
61,8
8
84,15
96,11
84,21,86,97
42
77
8,78
68
53
36
32
46,12
42,46,20,31,26,17
36,25
28
12
42,8
67,74,23
25
32,97
34
57
8,46
25
46,78
18,12
37,14,17
49,71
8,26
20,8,71
4,8,26
8
68,25
28
25
50,42,26
28
44,77,31
50,67
36
74
50
84
36,70
72,8
8
8,42
57
88,51,44
62,28
8
25
12
82,42,50,70
44
44,26,25
26
50,36
34
25
8
25
18,1
65
8,37
25
37,42
38,26
99,42
46
25
42
8
57
23
23,27
27,15,20
8
25
25
25
27
18
61
8,26
19,8
25
8
77
67,42
8
62
73,38,85
25
68,25
8
8
62
23
28
86
25
8
8,42,44,75,26,25
8
38,21
8
46,35
24
44
15,20,8
8
8,40
25
25
8,19,15
25
27,26
52,25
20,15
16
67,23
69,1
5
23
34
73,25
99,15
20,8
82
48,78
19
58,8
94
44
19
36
4,3
100
20
27
41,26
88,1
56
52,40
11,38,61,26
20,10
55
30
55
85,38,73,44
33
55
8
58
46
94,46
23
40
88
63,12
68
20
31,21
8,27
16,97
46,26
18
16,52
40
20
34,44,36,48,89,94
66,93,16,68,97,81,25
34
33
2,25
82,70,63,42
68
25
8,32,68
51
55,12,45,49
12
3,23
6,44,45,49
57
25
20,11
49
73,19,44,20
46
96
32
79
33,12
96
18
12
33
8
8,9,10
73
20
54
39
20
31
38
55
14,44,8,69,97
50,28,20
28
67,50,25,13,33
31,28,100
71
28
28,44,71
8
65
31,19,8,20
36,83
42,20,61,19
47,34,96
31,43,49
33,18
29
59,79
31,20,44
75
38
55
83
46
75
29,30,60,77
50
21
27
16,80,62,68
68
20
92,11
67,7,44,59,68
11,20,73
73,19,12
95
46,12
14,94,31,20
20,19,8
3
44,75
88,64,8
99
72,12
90
68
55
55
28
68
96
87,12
16
83,60
19,23,12
73,78
97
99
73,20
18
13,99,10
30
15
42,82
23
83
51,79
12,10
12
19,20,71
49
55
97
79
89,94,97
46
48
8
8,25
99
28,4,26
44,47,67,89,50,8,25
36,44
23
8
41,2,12
40
74,93
27,12
8,25
61,72,25
49
19
90,60
76,70,65
19
65
14,47
18
33
33
94,23,12
20
20,88
46
11
14,26
92
8,73
77
12
57
25
75
15,20,23,44,24
73,31
20
93,25
8,50,42,70,49
27
75
52,20,8,44
46
51
59,36,56
49
27
90,27,78
44,17,25
28
99,26
29,68
11
62
67,83,23,12
33,19,20,27
58
18
90,99
10
62
58,27,26
94,58,83
67
8
48,32
96,6,88
46
58,8
14,53
87
35,20
64
18
63,16,42
44
18
46,10
93,44,97,1
10
8,26
8
14
23
8
94,9,23,67,34,86,8,12,1
28,51,75
8,25
18
8
23
8
38,37
20
26
42,53
44,6,65
90,22,41
19,53,62
88,56,23,78
50,20,31,8
8
63,78,44,34
14,54
19
40,25
25
92,48
46,19,8,20,44,52,30,29,60,53
20
8
66
66
22,11
8
67
11
60
76,68
76,43,96
56,30,11,17,49,10
75,49
91
21,91
46
19,25,65
34
70
46
44,98
59
51
69,19,23,61
34
12
40
90
11
31
2
46,26
40
34,67,23
27
18
33,27,13
15,17
61
60,53
20,26
12
44,8,45
25
4,28,90
16,39,81
63,58,8
73,8
8,78
20
39
51
44,37,87,67
3,69
75
8
71
16,3,8
77
62
8,20
20
8,76,31,20
14,34,44,25
12
81
22,26
26
8
83,56,16,8
69,23,12
93
69,80,28,68,25
44,8,73
57,49,78
44,51,49
30,29
91
20,31
10
4,44,88
34,25,78
63,42,25
44,93,51
2,98,37,44,17
7
26
31,99
23,58
56
1
73
49
20
46
14
42,68
6,27,99,32
20,8
44
22,71
2
11
19,73,54
31,2
14,7,6,46,44
85,38,8,12
58,31
24
28
16,73
20,8
44
53
20,34
42
25
29,30,8,68
54,8
49
14,10
90,41,38,44,46
51
75
28
8
10
73
97,46,31,23,20
20,49
44,97
55,15,47,73,78
14,46
27,67
18,12,13
18
34,44
58,94
8,25,78
44
49
24
88,59
51,42
47,27,25
19,20
23,31
58,10
8,58,67,20
20
27
58,11
35,20,26
67
44
80,52,7
39,23
19
73
12
61
61
12,10
83,12
29,28,69,68,81
10
55
43,76,8,12,68
15,61
94
44,98,34
92
64
25
41
34,59
7
53
86,63,49,10
8
90
7,78
8
23
8,32
4,36,9,20,35,39,58,25
8
18,32
8,31,20
73
81
21,8,26
41
27,26
46,20,19
75
68
61
36,65
61
20,34
25
53,12
19,73,8
99
6
8
62
78
96
26
27
46,49
18
28
46
8
64,60
57
46
19
14,66
44
14,65,24
27,54,97
35
82,20,74,44,19
53,12
23,63,42,8,70
53
20,73
97
20,8
19,44,28,65
58,2,16,45
14,73,84,57,25,1
42,14,49
77,44,61
99
8
10
33,13
21
44
24
8
28,99
19,8,12
14,69,34,8,44,23
80
74,93,26,71
80
5
31,73,48
33,42,67,23,24
19
50,76
95,8,78
18
44
44
41,8,84
8,58
55,71
43
28
58
8,20,35,68
30,68,90,25
8
62
6,44,27,97,1
38,61
35,46
47
61
14
18,25
63
77,37,25
96,25
20,19
58
46
20,46,60
80,90,59,100
67
99
79
46
28,20
5,17
12
44,75,81
55,90
35
91
8
12
2,8
88
17
8,39
14,40,26
2,1
46
97
46,49,71,78
18,12
74,51
86
12
46,40,19,36,20
61,31,20
94,68
34
44
74
11
5
38,15
45
87,10
82,25
20,8
74
12
44,26
12
52
79
18,71
16
20,15
26
20
27
59
27,99,26
46,97
42,14,90,51
12,25
28
31,83
17
46
5,23
26,25
55,25
74,21,25
6,44,47,19,20,25
38,20,53,23
14
12
46,15,9,12
67,61
87,67,10
52,44
94,10
84,29,30
50,76,28
90
57
6,46,43,73,52,44,68
44,34,100
62,73
20,8,44,23
46
50,20,42,46,44,70
33
99,10
3,90,51
19
44,55
8
2,8,100,79
20
44
20,19,10
73
28
5
19,20
34
14,20,35,8,78
20,16
99
48
90
29
38,88
8,44
92
8
71
58
20,60
27
67,53,12,70
85
34
48
4,69,3
52,100,16
3,8
86,48
23
8
6,44
4,49
22
20
32
8,73
26
69
27,45
46,73
92,44,7
28
25
85
12
25
24
31,20,8
53
25
95,78
58,20,57,12
8
91
57
4,75
46,60
78
48
12,25
96
18
86,8,37
30,29,28,75,68
58,39
58
18,23
28,26
55
14,44,87
52
14,58
34,94
79
5
53
28
8,68
28
42
46
51
18
87,28
61,65
61
8,67
8
14,39,83
17,49
69,93,16,97,25
12
46,19
99
49
83,23,18
46,86
52,26,65
72,3
28
57
60
57,49
8,19
12
5
39
8
23,86,58,20
99,18
12
8
35,20
40
98,68,100
22
61
93,36,74,54,81
28
79
20
11,60
5
14,8,71
85
62
84,4
96
67,8
2
23
8
23
8
53,12
44,65
20,8
67,12
8
42,63
8
61
56,7,6,68
34,73
56,34
3,11
10
25
61
82,16
23,33,26
25,1
37,11,99,24
6,44,7,46
81,25
36
14
14,2,88,12,45,49
23
66
46
95
28,20,1
51
46
7,98,87,49,45
83
79
68
23,99
68
46
96
73,8,6,74,12,49,25
61
52,67,20,31,75
66
75,49
44,24
14,66,36,8
19,58,31,20
20
12
31,20
83
12
60
63,56
34
25
96
26,68,25
17
59
8,24
27,63
51
14,35,20
95
56,20
23,44,37,46,45
11,79
8,25,79
1,84,30,22,80,59
8
27
42
53
44,46
20,53
46
9,8,12,10
52
2
35
26,17
18
44,65
44
92
14,7,98
40,25
12
44,39
44,6
69
15,8,32
40
48
35,20
96
62
27,77
8
12
63,50,46,10
23,6,46,62,67,64,68,79
34,36,64
14
3
58
90,51,65
67
46,45
25
47,75
19,20,10
1
78
23,58,79
62
19,8
52,26
53
8,44,7,6
23,37,86,8,12,25
76,57
66
23
67,55
55,10
66
20,28
38
56
25
28
26
10
57
1,47,72,23,4,69
8
68
8
44,73,53
78
14,8,70
54
26
8,16
84
44,51
6,8
43,31,8
8
60,10
77
3,25,68
55,75
37
73,43,7,98
53
16
48,44
42,12
67,7,11,44,20,17
18
29
99
7,37,92
18
33,27
53
95,43
20,65
62
8,23
4,72,69
14,78
12
70
46,25
46
68
46,16,25
72
46
21
19
26,25
33,13
51
74,42
90,34,11
25
92,16
23,59,78
14,20,23
14,36
72,77
60,47,97
46,68
98,49
93,65
8,62
97
4,8,57,37
61
23,20,51
23,72,67,70
23
57
57
84,94
12
46,32
11
29,9,15,25
68
69,3
73
88
61,21,28,46
47,6,3
44,19
48,16
73,20
11
14,58,7,98
31,20,42,17
29,51,75
90,20,23
73,25
74,26
8,23
90,99
65
55
52,26
57
62,86,95,12,81
73,57,97
61
62
90,31
62
65
14,52
79
38,26
62,63,20,49
8
67,97
20
42,28,55,78
99,8
20
21
19,20
25
77,8,54,69,3,86,68
8
74
35,20
29,58,35,30,68,80
66
20,46
27,47
51,28
9,26,17
12
45,49,78
14,50,20,8,38,15
25
81,25
75
18,53,61
90,46,26
41,22
28
8
26
20
46
51
8
19,46,62
43
66
21
44
73,84
90
8
20,8,25
2,44
40,46
37
26
75
11
93
44,8
93,73
37,11,73,71
11
73
23,8,68
58
90,8,45
69
8,32,12
20
44,6,88
46
18
48
46
53
18,67,12,10
34,19
12
65
36,8,25
23,1,37,25
20,16,49
58
11
18
34,8
93,54,46
55,99
42
49
7,6,44
92,59
58
74,97
100
25
23,72,12
97
60
34,8
15,77,8,25
77
1
44,65
8,23
53
20,8,25
60
53
66
12
18
35,13
44,20,41,26,97
98,25
6,7,44
61
8,68
37
8
64,94
20
8,77
19
94
74,46,75,45,91
18
56
14
19,38
16
80
12
19,20,25
95,54,16
74
44,74,20
63,82
63,42,99,18,23
98,8
33,82,63,42,18,25,13,10
39,56
20,46
60
8
14,58,31
79
23,63,42,50,70
8,78,71
46
14,6,44,25
90
8,68
16,25
44,53
36,99,47
34,44
46,32
99,1
58,13
44,6
98
16
34,11,66
51
93,97,25
19
67,25
8
43
46
4
51
38,19
62,47,67,3,28,23,30,29,84
25
34
44,74,3,51
42
25
37,64
59,92,58,11
41,28
52,87
22,1
44,74,36,25
75
14,27,23,25
31,11
3
23,34,39,16
63,42,73,62
55,33
60,23
21,12
44,65,24
61
36
27
28
8
35,20,57,67,60,12
27,25
88
68
23
23,42,73
20,19,46
51
99,18,23
5,56,34
85
75
89,86,53
72
53
56,60,49
27
34
49
40,49
26
95,8
27
60,20
8,26
26
35,8,99
34
48,5
31,20,70
51,75
44,84,3,8
62
19
76,43,20,18,45
34,88,74,71,45,1
16,10
9
58,46,37
36,8
4
38
11
23,48,58
93
55
44
80
98,67,62
87
66
31,10
31
84
90,46,44
76,26
65
18
3
54,42
85,8
43,58
90,73,20
65
53,54,43,50,42
36,71
86
60,33,34
28
44
84
80,6,7,44,68
88,6,3
8
62,45
8
75
73
4,58,75,91
56,52,34,73,42,71
28
93,3,51
96,5
4,79
20,19,12,10
77,23
27
12
47
62
90,23,34
30
75
22
23
99
31,20
11,64,12
6,93,44,46
20,10
58
27
25
15
48
60
7,58,11,16
56
44,34
99,46
37,79
20,67
73
76,43,12,17
88
77
90,75,79
67
23
1
15,49
38,12
2,46,91
46
20
37,27
6,44,65,79,24
23,36
12
48
61
75
23,44,84,95,12,65
64
8
8
68
20,19
85,37
60,7
44
44,46
11
62
9,89
23,70,17
46
89,94,58,64
48
7,11
4,49
20
20
18,99
60
10
18
8
74,8
89,94,12
23,67,98,7,44
59
77,75
31,20,51,2,45
18
92,68
47
51,59,75,97
58,78
8
44,26
18
62
20,46
34
82,63,42,58,70
66,54,49,78,71
58,31,20,16
64
44
62,47
8
27
29,39
16
46,69
46,2
51
20,8
40
88
15,6,19,61
59,12
56
87,26
99,8
77,25
58
20,31,35
95,26
19,99,68,10
94,86,44,8,12,16,25
3,23,75
64
31,20
11
71
19,31,20
63,42,82,5,12,79
33
40
46,8,58,94,89
97
94
44,20,95
19
75
75
11
33,26
11
65
20,100
3
34
62
27
55,49
8
27,99
14
25,2,46,12
87,51
91
10
44,19,20,65
34,44,8,25
44,96
2,30,8,44
28
88
39,35,49
59
38,32
25
44
84,43,76
44,92,84,49
87,67
53
46
95,57
5,12
99,90,44,91
67,68
74,8,2,97
46,49
4
74
75
46
25
28
46
20
68
42,46,78
8
46,44,55
68
59
20,94,58
44
20,28,62,44
8
51
23
19,62,61,73
25
41
18
12
16
51
34
8
99,46
100
51
14,68
16
29,28,68
43,79
20,8
54,84,81
84
61,17
62,35,53,25,10
6,7
11
14,28
93
44,93,6,78,25
8,81,25
18
52,25
98,58
8,6
8,44,20
39,95,77,44
28,75
52,8
6,44,46,12
8
19
81
37,44
8
61
52,95,8
1
99,21,45
26
19,31,53,71,10
58
18
8
74,67,57,81,65,78
79,7,17,68
2,4,46
58,95,31,42
60,12
8
46
90
83,12,25
20,61
34,62
16,37
8
5
20,45
8,26
5
10
25
64
49
8
2
83
96
20,95,27,56
46,83,6,25,1
58,21,19,20,65
7,23,39
83
15
55
77
26
83
39
44,8,97
27
93,41
58,17
19,21
34
6
19,20
20
93
40,61
58,39
7,6,44
23,34,46
23,27,13
67
63,42
58,67,32
44,46
46
4,69,6,7,59,8
25
14,78
31
8,91
10
18
19,46
61
28,16
36
73
20,19
82,55,73,35
46
58,8,100
8
30
93,44
2,68
8
10
75
63,69
39,94,34,11
42,12
49
58,11
52,44,74,25
82,63,42
49
36
10
55
28
37
20,73,75
11
7,98,89,10
78
20
61
8
27
98
19,25,79
22,27,49,45
16
51
42
23
27
34,46,26
19,8
19
81
37,34,49,17
44,7
34
5,58
46,69,4,42,12
23,19,67
67
58,35
80,67
12
73
78
78
18
8,85,75
43
54
26
6,7,44
64
60
26
12
73
73,24
99,18
20,89
10
56,59
51
48,80
49
97
14,69,56,25,1
12
80
68
63,42,73,85,79
86,19
8
30,68
20,19,10
11
29,46
64,100
3,69,6,46,99
69,73,12,26,16
60
19,12,10
65
46,31
90,41
63,42
23,50
73,8
42,70
66
92,31
12
83
53,40
23,92,48
26
8,38
8
11
62
8
31,8,23,68
66
53
14,42,63,23,8,100,81
3,20,27
73,46
44,70
16
44,42,70,12,45
12
7,83
44
92
80
62
37
57
14,58,67,8,17,78
16
43,44,18
37
53
30,27
98,25
20,35,26
73,19,8
21,25
34,69,84,8,12
89,64
29
14
9,66
1
61,4,69,73
69,4
23,20,70
84
10
47
8
68
16
90
8
68
51,25
96
2,26
32
8
19
46
44,73
47,59
37,75
14,35,12,49
8
28,44,75,91
34,58,24,10
59
48,36,37,99,20
81,25
89,19,44,8
58
8,26,12
63,42,37,8,65,6,71
21
51
22,73
12,25
36,68
65,61,44,47,100
18
44
23,67,78
15,8
58,74
11
44
14,34,20,23,61,68,25
19,8
94,59
5
8
56,10
51
16,8,20
25
93,44,46
52,12,65
91
93,44,25
85,46,70,12,25
62
37,44,73,7
46
36,68,25
31,42,15,49
14,83,40
43,6,26
46
44
56
26
27
34,49
51,93,25
12,49
46
20,8
5,34
92
42
8
16,58,86,42,50
89
62
33
5,77
26
8
66
60,58,86,62
8
31
44
20,53,58,19
78
18
58,35
59,44
34,4,19,75
52
99
8
55
31,20
39,31,20,8
87
18
1
83
34
53
4
8,36,100,45
53,76,43
86
23
23,44,68
28
68
8
31,40
8
55,75,68
19,20,46
25,16
27
46,49
19,20,31
34
55,69
62,67,68
77
5,12
23,34,35,26,12
20,52,44,19
30,68
12
58,51
8
21
51
59
55,22,61,12
37,78
51
33
8
8,9,36
41,69,12,97,25
99
21,12
94
14
1
96
84,49,13
72
58,42,17,25
54
76,43,73
33
80,67,4,25
40
52
91
44
27
20,71
14,11
87
86,58
48
8
23,73,10
44,46,58
8
91
29,30,34,44,88
30,29,69,4,51,75,68
70
20,8
40,74
93
84,12,24,79
100
37,18
19
28,90,41
27
8
16,4,69,83,94,23,34
46,100,65
19
56
8,12
25
23
83,23
6,7,44,59
6,46,36,44,37,95,20,65
82,42,5,12
23
14
83
12
28
60
27
47,36,52
53
20,8,17,49
3,26
15,82,11
73,51,20
8
23
11
44,8
55
46
10
50
4,55
12
44,69,38,26,65
12
9,26
8
18
77,20,23,12
61
67,54,25
38
26
12
53
95,27
58,34,60,23
62
11
59
19,20,49
73,8,44,52,25
44,74,99,12,25
66
73
8
46
8,25
46
19,53,12
46
49
46
56
49
81,25
46
2,58,95
43,76,27,5
18
34
27
11,95,31,20
34
96,98
12
99,18
46
26
55
46,20
18
44,37,95,8,25,17
77,8
23,73
42
8,10
58,67,19
51
20
26
81,25
71
17
58
93
25,30
51
55,51
18
48
87,44
26
46
20,8,19
79
19,8
44
60
84
33,18
73,38,75
44,23
66
85,9,77
51
36,44
84,9
18
32
11,98
12
53
62
2
55
12
73
46
44
77
44,46
67,16
31,26,65
74
23
77
6,7,38
7,6
53
46
31,20
69,4,8,25
69,96,12,17,78
93,44,45,91
8
75
10
26
38
23
51
8
23,19
27
27
49
20,16,34,8
46,69
42,69,28,12
8,41
42,82
60,75
89,8,99,27,26
96
28,78
82,60,25
73,85,63,64,42,50,67,83
58,59
3,27,75
11
12
20
78
12,26
58
44,73
11
20
8
46,59
44,59
15,58
8
44,39
58,23
81
46,19,10
44,4,45
14
34,8
27
25
8,67
20,95,78
12
12
46
62
69,4
41,51
20
14
20
97
68
75
27
39,84
76,43
97
55,93
19
10
36,44,67
75
12
53
29,30,25
27
51
46,52
64
28
58,8
60
4,55,45
43,76,62
44
90,56,8
94,89,8
20
44,98,7,60
67,62
55
38,8,12
10
12
22,87
91
67
8,92,15,83,36,85,39,17
12
42,63,88
67,60,11
9,78
68
99
32
59
28,23
44,98,46,65
29,30
20
25
73
28
87,58
28,20
67,1
23
57
51
62
59
72,49,71
40
74
12
63
100
16,73
44,52,23
2,51
23
67,47,8
34,44,7,6,84,8
12
44
44,84,34
25
16,2,80,49
87,33,5,9,27
20,35
44,69
30,58,66,25
34,17
8
48,68
77
90,75,79
16
88
1,44
99
23
25
4,3,28
63
5,11
14,93,44,27
44,6,7,97,25
46
8
48
98,7
46
8
44,7
64
57
5
67
41,8
46
23,58
8,26
51
2
4
60
15,57,68,49,78
74,44,76,20,79
8,20
53
51
20
74
8,68
8
44
40
12
44,84,8,25
74,44,91
85,71
28,68
87,21
22,4
62
75,68
57,79
46
14
100
48
12
68
18
11
10
35,15,67,11,60
22,19,75
37,55
63,28,42,9
62,20
52
84,100
44,36,66,25
20,35
92
4
46,73
20,35,54,10
52,28
11
51,3,32,75
31,100
37,63,41,16,28
91
26
65,26
46
19
8
43,12
47
67,17
100
31,58,62
33,18,71,13
8,90,68
20
56,26,68
46
20,46
65,37
62
83,37
25
46,83
14,86
51,99
81
25
78
47,16
8
99,20,5
26
12
61
37
54,31,8,15
86
82,50,12,25
12
12
53
34,52,44
97,49,79
98,7,44,41
69
2
83,39
22
48,20,8,11
61
90
58,38,20
52,34
20
47
71
17
27
20,99
82,63,66
20
49
30,78
14
82,63,47,30,67,46
38
53
99,51,26
51
21,20
96
79
75,68
8,12
15
53
75
18
44,27,6,68,81
12,49
3,28
23,5
20
84,88,41,4
29,30,68
39
8
16
30,2
51
94
8,12
20,19,8
8
68
31,60,46,17
8,25
16
5
6,68
60,92
91
8
53,24,100
42,70,12
6
29
12
71,10
19
8
20,19,61
42,20,62,63
51,1
58,67
22,20
56
9,85,95,35,58,11
44,46,68,25
23,99
12
43
98,8,95
8,68
61
51
11
95,20,42,14
73,75
98,34,24
3
63,42,82,51
14,87,67,9
99
94,8
92
93,99
44,60
66
67,44,35,20,25
31,42,75,68
14,78
97
11
40,19,8
51
7,66
56
51
46,10
59
8,12
5
91
54
46,1
55,39
15
8,71
50,28,26,25
99,27
90,81
67,34
69,55
75
8,49
51
89
8
69,41,51
37
12,24
10
66
23,28,97
60
38,44
47
14,6,44,46,38,12
8
29,30,8,19,73,68
20,46
38
7,6
48
63,42,70
32
81
12,26,65,79
46
27
8
41,6
22
31
63,78
51,67
93
42
60,96
19
12
94,58,35,10
6,46
29,30
86,63,42,8,70
44
90,32,26
20,68
20,62,75
90,77
33,13
4,8
92,89,20,24
9,62,26
73
53
99
46
44,2,89,3,8
7
99
8,45,25
23
38
18
8
44
43,76,62,36,45,49
76,43,81
20,46,15,42,50
59
18,73
75
9,20
28,3
58,44
21
50
68
7,98,44
49
58
90,63,82,42,50,70
73,40
8
8
94,25
8
18
44
20
22,85,44,75,68,81
73,53
90,12
34
84,60
42,81
23,67
93,44,62,17
48
51,78
21
22,60
32
88
42
51
67
9,95
8
8,20
18
34,8,25
41,46,25
18
94,15,46
23,10
19,46,20
55,97,78,79
44
51
60
16,10
8,71
8
73
36,23,70
8,38
28
73,67,29,85,61,68
24
87
16
57
87
73,19,8
45
92
73,62
46
23
94,58,48
46
41,26
99,20,8
53
21
8
23
1
4,34,78
61
97
8,25,1
47,59,79
5,53
19,23
35
86
28,49
87,81
44
62,49
93,55
91
5,18
36,44,76,25
69,8
11
53
99
64
44,6,68,25
74
14,92,25
90,48
20
10
99
20,40,69,4
8,26
58,16,26
23,19,73
23,18
62
94,58,38,85,23
68
11,20,17
8
46,70
46,3
82
42,63,50
8
90,45,78
46
60
93
53
57
89,94,43,76
6,87,33,37,27,71
63,89
67,12
28,95
2,8
23,19,12
3,20,8
57
8,2
37
8,22
32
16
66,100
37,2
6
55,62
8
57
19
34
12
14
65,44,36,8
83,12
60
99
14,67,97
15
25
40
86
72,8,20
33
6,7,18,97
86,8,45
62
61
44
61
48
46,100
47,8
48
38,20
55
20
28
72
23
53
14,16,8,68,65
23,13
68
67,18,26,97
17
11
51
19,20,70
46
20,15
73,48,19
19
75
46
14,85,20
29
20
19,46
6,7
34,35
9,12,78
68
44,34,24,57
16
46,37,85
38
18
23,31,18
66,26
21,12
8,35
16,19
35,20
16,99,20
61
23,73,61
4,94,97,78
12
23,62
44,22
20
40
18
62
62,46
46
8,68,25
74
8
19,48
14,76
25
65
74
15
5
8,20,31
8
61,23
82,26
67,63,78
57
25
23
37,87
58,95
28
96,40,34
59
62
31,54
66
68
62,3,44
44
45
46
77,66,67,70,17,78
54,34,8
55,28
83
23,15,70
71
44
53
10
8
3,4,8
11,27
39,53
93,66
73,20
59
20,8,45
51
94
33,13
29,30,34
46
4
2,79,1
67
4,69
20,91
1
18
84,97
8,44
8
62,25
7,79
68
11
67,76,43,23,10
72,12
51
16,26
100
36,23,66
72,59
14
8
86
56
44
59,4
50,42,63,28,37,32,26
3,67,69
30,19,51
14,20,40
20,61
37
40,73,99,49
63
8
23
8
18
42,63
72,99,20,8,77
55
12
8
6,44,4,36,69
5,31,27,99
99,3
12,10
48,76,43
44
5
12
75,24
21,79
67,84
16,34,57
19
44,8
59
25,1
62
28
40,8,44,25
8
3,51
78
62,44
56
8,87
51
61
42
18
67,17
36
21
71
44
11,44
31
44,61
43
6,22,8,73,12,97,79
26
75
94,24
33
68
16,44,24
50,42,82
88
2
89
52,44
19,27,26
68
99
28
51
8
48
61
41,34,74,32
53,67
20
46
63
8
14,8,38,49
27
14
16,8,90,49,97
62
98
20
82
87,46
66
9,8,23,7,98
55,75
55,75,26
16,71
67,93,39,34
29,30
74,69,16,6,93
8
1
20,8
95,23,10
57
5
8
44,34,85,58,25
44,77
46,32
38,69
12
20,8
44
51,36,99
26
44,46
31
46
31,20
55
23,73,94
14
19,10
67,83
73,6,8,17
61
14,8
19,53,10
98,67,20,8,1
73,4
17,49
20,25
74,42,50,73,8,44,75,65
68
23,33
99
12
8,21,38,52,20
53
83
66
18
16,25
34,57,100
4,28
36,35
29,49,78
8,40
8,59,12
44,27,82,12,26
56,6,44,8,4,69,49
95,46
12
58,63
23
46
51
20
96
69
63,42,12
8,12
89,94
8
56
46,69,74,44
93,74
8
89
53
99
3
25
54,20
67,13
23,99
53,12
93
43,20
34
29,30,60
16
8
68
60
44,8,38
42,60
69,89,72,6,74,94,96,38,44
86,89,85
52
26
100
20,19
23,18
46
46
76
48
51
19,87,46
27
67
8
53
23,66,25
46,25
34,77,10
61
8
99
44
12
74
62
10
79
30,68
23,67,60,26
77
52
48
40
62,43
75
6,44
8
99
64
54,24
26
46
37,18,1
12
53
14
58
53
19
11
75
12
19,68,25
86,94,89,48,53
56,58,95
8,85
19,21
44,71
20,11
31
48
48
44,6,20,99
73,12,45,71
8
15,57,26
85,8,58
28,62
56
14,31,58,53
59,10
40,99,23,16
6,60,25,13
38
8
51,67,50,87
34,93,44,46,56
11,12,17
11
75
16
20,11
89,94,38,8
54
46,19
29,68
46
44,6,8
39,25
44,19
42,37
11,26
88
5
20,55
25
46
62
75
21,20
68
27,95,49
80,52
36
71
10
61
46,44
31,19,55,97
80,82,50,30,42,23,29,1
29,80,50,30
8,75
20
73
37,34
23,52
51
53
62,78
31,20,8
51
1,22,100
31,20,8
51
96
66
21
59
95,8
28
6,12,65
15
12
44,34,8,70
91
4
57
19
19,15
83
34
14,86,46
12
66
87
28
11
22,47
61,23
65
73,62
8
73,52,44,51,25,1
16
14,15,99,67,17
55,12,78,71
69
51
53,56,100
40
92,90,44
26
30,29,31,20
8,38
53
44,46
63,42,70
34,68
51,53
67
20
18
21,15
92
58,69
30,73,59,29
18
94,20
97
60
39,16
81
20
44,8
25
25
17
54,22
40,19
69,8,75,49
76
8,2
44,6
2,8
26
56
8
74
37,44
37,34,83
64,11
52,25
73
12
12
76,43,68
5
8,71
88
74
51
34,36,70,25
63,42,70
27
5
23,20
46,73
8
16
27
44,47,25
20,46
8
6,73,31,20,68
4
30
48
46
44,51
59
62
8
75
20
88,100
8
61
34
29,30,84,8,68
55
5,18
20
71
37,69
47,94
93,78,81
13
46
40
20
26
8
16,25
16
51
51
16,12
88
54
46
27
14,8,20,75,49,45
27
77,44,51
12
50,42,20,12
16
58,7
46,44,25
23
87,20,12
8,12
41
46
94,20,86
44
44,24
40
31,36,83
8
46
51,27
80,68
77
46,58
43,76
33,18,49,45
96
33,13
20,8
56,34,25
50,89,94
12
8,68,78
20,31,8
68
8,12
19
12
10
8,15,6
99,57,26
60,68
78
48
48
98,67
20,19
58,44,34,23,35,94,38,12
58,11,12
19
8
46
20
87,67,3,90,32
90,68
56
31
20
28
64
8
42,50,53
53
34,74,24
18
33
96
22,8,9
14,94,35,20,73,64,12
59,58,11,100
74,16
53
32
8
46
37
53
28
4,69
1
20
34,94,12
26,81
82,63,42,50,52,36,70
58
3,4,26
31,20
94,10
58,22,46
44
3,25
11
55
30,68
19
44,6,7
59
20,61
23,20
72,97,10
43,85,12
8
33,13
80
3,25
15
20
83
40
14,51
92
20,46
25
20
75,25
94,58
34,40,46,51,10
19,20,46
44,25
57
29,14
5,18
62,38,32
11
73
72,44
18,5
80
25
3,18,28
93,97
8
40,2,51
72,82,23,38,20,35,58
8
62,51
28
18
14,23,25,1
94
83
17,49
8
61,38,19,26,68
74,97
20,26
14,6,93,61,49,24
20
55
5
62,12
77,8
61,53
17
52,44
67
44,69
56
14,8
82,70
25
28
38
95
18
59
45,49
52,44,25
6,46
15,87,28,49
19,20
85,8
41,49
8
28
54
19
19,76,43,20
44,55
44
8,91
6,44,72,23,65
92
59
1,67
31,20
52,8,15
59,64
77
20,31
4
26
44,34
56
1
77
20,68
84
74,65
43
19,68
18
8,7,6,44
6,78
85,17
32,78
18,10
2,53
20
58,20,19
60
85
44
90,3,75
11
93
16
44,23
54
34,84,46,93,97,24
62
12
14,52,84,16,79
51
6,7,46
5,95
20,98,96,25
83
51
44,68
52,21,49
8
20
21,11
47
20
23,53,37
72,58
84
25
69,46,10
31,66
12,24
41,61,2,97
8
83,25
8
3
31,46,19,20,68
77,44
68
75
43,76,77,78
90,4,44,93,25
8,3,54
80
44
44
99
23
58
28
8,99,10
8
64,92,25
20
14
58
12,25
11
23,67
52,99
75
53,20,68
68,1
64
4,8,36,68
4,51,41,44
71
35,58,11
8
72,17
23,46
29
8
69,4,28,26,81
44,93,20,58,46
53
39
58,35
44,25
18
14,74,68,65
8,94
20,99
10
58,67,64,16
44
70
55
23
53
72,78
68
36
46,49
51,69
59
27,1
26
94
6,7,44,46,68,79
31,20
44,51
10
8
8,12
37,79
16
4,74,6,93,28,25
20,8
44
44
69
19,8
7
12
10
19,51
6,65
97,49
8
30
51
90
44,37,73
12,68
25
62
16
74
4,51
8
14,55,12
95,30,80,74,6,44
20,31
67
74,44,42,46
52
5,47,66
20
44
89,34,67,37,48
90,78
14,64
58,94
77,91
56,46
12
8
79,25
27
83
36,31,20,19,12,25
8,45
20
61,100,25,79
94,39,8,65
73,15,19,75
98,92,66,64,25
16,20,39,69,86,4,37,12
44
84,61,63,42,78
11,94,89
83,82,42
40,74
1
14,8
5,18,82,42
8
7,23,36,20,11,25
44,94,89,25
6,88,44,51,41,49,25
10
51,44,26
76,43
34,36
44
60
61
15
74,26
51
4
2
44,46,6,93,7
4,47,60,67,68
12
44,66
19,20,8
46,80
8
36,31,58,46,25
5
8
90
79
26
40
23
75
62
15,32
12
32
75
16
11,81
41,51
14,35,9,20,58,37,23,19,97,10
46
78
10
73
71
34,37
51
8
63,94,43,8,82,45,49
58
14
44,25
53,19,65
16,8
14
11
18
8
29,30,80,68,25
52,55,49,97,25,71
100
27,99
6
28
19
24
40
63,50,42
52,44
52
46
4,77,44,55,62
19
21
23
46,25
100
13
73
62
8,20,10
18
95
91
5,27
42,63
20
12
92,20
37
10
57
59
76,43,66
6,44,7,46
46,90
47,81
19
31
10
36,8,32
38,15
19,27,23,20,10
53
35,49
27
12
67
8
75
25
23,8
75
82,50,63,42,51
40
25
23,28,3
37,98,55
18
4,26
63,82,94,73,71
16
44,8
28,97
46
61,19,20
14
75
84,16,99,8
53
11
8
37,28,16,25
28,20
99,5
44,91
8
41
28
3
45
89,94,86
16
20
60
21
88
43,99,18
55
61
37
30,29,32
44,13
10
66
29,8,93,65
37
68
46,20,12
52,31,75
22,19,26
34,8
14
7,44,67
73,8
7,6
95
100
2,4,46
21
11
30,19,75
4,69,97
8
9
12
8
42
23
88,26
14
73
14,31
44,25
16,48
26
76,43,46
19,8
74,51
74,24
52
99,46,73
80,81
73,44
39
95,31
20
14
77
39
20,73,23,66
61
42,20,31,16,24,44,50,8
97
89,12,49
75
83
33
73
42
19,53
20,19,18
19,46
44,73,32
57
53
99,44
25
16
82,73,49,24
46
44
62
69
66,58,25
8
43,76,10
31,20
8
61
92
25
84,23,66,67,25
36,44
12
33
61,65
40,25
44,73,20
20
14,31,20,8,78
44
95,8,58,48
41,47,93,69,46,44,12
92,44,34
62
45
64
75
53
87
3
3
68
46
7,25
42,63,20,44,8,1
74,8
81
31,20,8
40,51,44
55
26
38,8
38
8
71
67
52
26
36,25
83
34,25
94,58,47,12,25
77,34
19
6,7
8
50
20
8
57
47
34
48
16
40,28
44,56
79
46,20,12,78,25
42,63,44
31,51
49
20,45
19,28,55
34,51,93,31,20
20,87,27
51
23,69,51,3
63
46,39
3
8,3
40,51
68
95,8,26
39
8
36,24
14
28
67
54,90
26,68
82
75,68
78
10
28
7
68
14
11
23
19,31,65
73,16,83
44
67
51
90
8
74,23
20
3,97
52
55
7,44,23
8,77
5,81
44,23
44
75
7,34
26
6,49
73,63
20,32
44,36,68,79,78
81
75
14,12
90,75,25
88,1
55
57
47,6,46,77
26
14,94,84,8
90,16,32,68,24
99,10
34
74
23,19,31,20,8
55
33
47
60
93,19,15,46,87
73,9
20
34
33
75
49
62,3,68,17,78
67
38
63
60
20,64
11,47,44
92
65
7,42,63,44,6,99
10
14,58,94,83,10
58
44,62,25
40
75
6
34,8,77
48
53
25
8
15,19
12
74,8
8
64
20,53
14,44,46,53
27,99,12
26
22,20,21
35
55
68,25,78
64,18,26
48,72,78
100
84
83,20,37
61
34,14
12
57
36,46
36,94
62
47,4,8,75
61
46,96,25
66
50
20,12
44
99
20,19,45
74
77
44,7,98,46
90,8
93,88,75,25,1
74
26
63,42,62
61
21
23
59
44
8
73,53
44
19
87
61,20,78
63,42
25
44
44
34,12
20,44,6,84,97
8,7
27
63,38
25
16
19,86,44
14,44,6,8,12,65
95
83,9
14,10,49
8,37,32
4,11,49
40,8
52,40
37,60,7,39,46
20,46,73
46,73,26,71
11
53
96,12,26
99
46,62
19
11,1
25
23
58,89,94,85,35,23
66
39,70
89
100
26
35,9,63,42
67
20,53
54
37,38
20,19
80,78
23,16,8,58
20
20,51
73,8,17
8,84
6,44,97
58
93,28,80,75
61
44
86,78
34,13,25,1
57
26
12,26
58
20,44,57
89,94,26
2,90
8
34
8,12
52
8
76,23,43,19
44,73,59,16,23
8,43,26,45
74,12
18
8
31
46,4,66,99,49
11
73
21,68
8
29,80
19,15
37,15,49
51
37,70,12
77
61,34,16
58,86
23
77
62,19
52,34,84,53
44
99,34,95,44
14,29
83
16,20,23
59
2
8,75,78
8
47,26
69,97
55,73,24
74,28,36
6,44,8,32
8,58
37
36,41
20
31,20,8
8
8,25
87
2,4
87
5
59,1,44,6,14,17,65
49
51,1,90,17
28
97
27,99
37
11,25
77,60,39
18
31
47,6,67,62,44,36
52,93,6,44
19,8,38
12
39,26
78
12,25
12
51
98,44,100
8
57
42,70
8
75
14,9
76,43,11,10
37,26
28,49
23
73,42,50,57,44,65
8
20,23,21
47
26
90,73,20,51,68,97,17
35,43,12
30,29
6
44
53
47
43,76,7
46
16
20,10
37,91
23,5,8,25
31,73
69,8
35,24
7
42
34,68
19,8
42,62
3,28,26
73
60,34
44,25
99
20,12
34,55
8,90
53
80
69,44,50,4,97
1
99,66,92
39,3,58
19,8
49,65
96
94,15,19,20
99,93
34,11,58
8
46
66
25
27
74
26
8,19,20
35,39,86
88
95
73,19
46
96
52
25
66
75
34,52
87
23,44,46
89,20,12,10
14,55,54,26
25
73
19,62,12,10
8
91
8
37,11
8
20
48,68,100
58,69
52,8
73,58,85,20,35,53
8
53
25
100
41,74,83,25
36
44,6,46,58,12
25
54
62
8
8
20,8
8
4
44,100
60
20
34
40,45
29,26
46,44
19,68
4
67,6,25
20
96
61
58
8,19
44,93,28,75,68,25
67
44,46
73
55,3
46,49,65
86,94,8,26
14,90,75,26,97
32
66,54,49,78,71
8
23,19
12
12
23,8,100
36,75
11
75
28,19,44
20,23
11
16
73,62,45
78,1
8,78
26
44,34,8
19,51
44,55,93,95
71
46
61,74
74,28
48,9
82,42
44,24,26,79
12
40,8
73,69,4
59,20,15
58
32
20
30,29
75,25
44
91
35,58
60
66,58
57,46
20,9
56
62
63,28,42
23,8,86,20
8
23,44,34
100
98,36,53
6,77,93,44,28
33,37,82
19
14,51
99
9,12,65
46
12
71
8,78
10
31
8
8
48
12
23,58,99,62
35
23,89,94,51,12
30,28,3,29,75
14,33,18
8
67,16
73,44
44,75
76,68
29,30,57
46
2,8,1
71
53
51,16,49
88
67
46
92,79
42
8
45
44,29,30
8
49
44,46
20
20,31,76,43,27,12
28
33,23,13
73,69
19
73
75
91
14,28,73,39,31
52
46
30,29
33,10
90,47,46
28
34
12
25
94,48,89
12
79
36,24
18
14
8
83
64
8
69,4,6,7,44,36,65
73,19
44,34,65
48
7,44,6,8
23,67
8
20,40,10
14
89,94,38,61
77
75
37,71
44,56
90,42,39
68
51,29
62
61
28,19
20
25
97,65
16
28
14,93
83,22,12
44
52,19,54
46,97
33
16,98,7
2,68
64
54,36,12,49
14
87
7,66,44
64
23
68
49
51,46
99,26
44,25,24
87
13
8,10
13
44,46,75
73
90
99
72,36,44
19,8
86,1
8
8,26
88,44,91
15,12
68
77
19,31,20,75
7,59
46
8
52,23,32
12
50,20,35
38
43,46
74
94,58,36,25
96
44,74
44,64
67,11,58
53
67
83,20,84
20
19,89,94,45
49
27
8
27,66
87
50,90,25
19,73
28
19,12
23
99,91
59
16,58
14,58,92,68
51,75
27
6,62
21,19
88
12
7,98
58
25
30
46
12
44
49
58
62,6,97
19,8,20
62
16
55
98
20,35
97
53
40
8
46
18
20
8
27
28
44
23,56
86
83
55
42,20,19,44,68
29,43
40,46
52,93,19
23
42,50,82
51,20,26
67,23,51,20,19,12
59
58,23,12
49
8,50,26
35,20,58
18,50
51
75
25
35,57,6
29,80,49,1
20,35
89,21
14,46,41,45
42,40
93
12
23,20,8,68
38,73,8,65
12
18
37,32
8,94
89,86,29,31,20,8,68
20,35,8,52
47,86
40
37,11
45,10
8,32,12
43,76,58,25
18
59
56
16,69
8,19,20
20,18
18
35,20,43,57
5
78
5
34
33,13
40,74,44,61
46,31,99,20
8
26
90,8,87,3
19
74
62
62,49
56,7,6,27
8
8
62
87,8,65
46,97
97
12
8,12
44
53,52
34,76,12,100
55
75
95,12
75,25
67,46
68,78
2
91
25
19
8,19
59
31,20,8
96
26
100
73,8
20
20,10
16
21
73,19
51,39,19,28,71
6,46,68
44,46
20,26
84,4
52,37
92,23,67,39,8
23
16
97
25
12
18
12
8
8
95
44,7,98,46
44
72
8,63,4,25
87
73,31
23
26
33,18,13
52,34,25
55
44
20,31
8
51,23
1,58,46,81
14
66,79
94,53
23
50,42,62,9,100
57
61
67
46
58,11
5,4,46
44,34
30,68
60
57,62
46
85,46
44
83
62,6
56
68,1
8
34
12
44,65
34,8,49
25
23
5,62,27,48
17
44,93
64
64
8
99
42,50,37,8,58,12,25
8,6
35,44,58
58,66
44
47
51
44,93
74,79
33,12
41,28
58,44,46,12
46
8
73
2
41,60,75
23,34,92,53,12
46
87
85
2
49
46
38,46
67,10
23,25
11
2,36
53
8
44,12,68,45,1
29
31,20
14,96,49
62,21
8,71
8
83
5
20
67,47,18
16
44,98,25
27
14,76,43
78
54
23,62
20,97
46
44
2,8
42
44,8,40
36,40,78
34,8,77
50,28,13
17,49,78
59
44
8
63,46,94
20,19
54
93,62,81
8
37
46,44
53
85,71
59
75
49
11,64
20,4
75,78
44,98
26
8,12
54,1
62,2
27
83,73
36,92,46,25
66
14,93,50,67,69,12
32
52,16,70
27
12
58,8
44,46,26
55
8,15
44
62
36,83,12
8
8
68
88,78
35,53
62,12
82,42,63
35,58
21,72,27
55
73,45
16,6
8,47
6,7
47
58,59
33,27
28,58
97
29,30,68
6,7,93,44
20
20,32,26
60,53,98
10
68,78
75
8,75
25
84
42,19,20,65
16
85
33
19,53
24
23,19,46,20,12
9,77
19
14,53,10
23
23
92,68
62,76
44,89
99
26
73,49
4,69
67,68,24
8
23,64
26
16,62,34,5,12
36,66
73
42,41,50
56
35
25
12,26
55
16,94,8,70,79
8
74
8,67,49
43
46
83,67,84,94,89
20
14
5,18,12
44,82,51,70
53
99
14,33
67,60,25
69,41
19,46
12
46,19,49
57,39,44,20
77
20,8
54,16
20
54
93,62,97
19
49
29,30,68
46,20,19,8,32,12,26,45
53
46,44
53
8,45
53
67,85
19
56
51
72
12
53,12
84,46,25
78
62
55,25
83
74
100
81
11
8
82,23
51
76,43
72,8,26
58
61
12
88
14,38
41,51
27
20
12
44,34,8
46
40,28,21
25
8
51
44,68
7,6,44
72
66
35,58
94,89,8,68
44,8
32
64
66
20
51
8,20
92,84
8,66
12,25
19,62,20
74,100
20,19,46,40,12
77
87
33,99,27
86,26
26
8
51,75
25
11
49
87
12
76,43
8
52,78
25,79
16
4,8
27,23,34,44
73,44,9,34,11
44
61
3
37
51,41,44
51,68
46
67,58,74,8
40
13,99
67,47,92,75
36
22,68
99,18
53
57
8
89,6,7,37,38,94,17,25,78
14,28
50,63,42,46
73,12,24
61
12
46
41
94,58,8,10
12
44,51,24
67,8
89,85
46
100
98,11,56,81,25
31
58
2
48
8
8
6,56,44,46
30,67
93,95
81
51
5,25
28
25
16
51,79,78
26
5
52,44,38,73,75,26
16
70
8
41,69,12
26
20,31,19,25
73
11
16,67
44,7,6
8
4
7,6
68
11
74
51,10
8,84,32,78
34
81
53
8,58
51
73,94,25
22
68
33,65,13
46
7,11
93
73
20,8
87,92,8,100
23,53
99,44,46
46
47,37
8
79
3
19,20
3,4
12
51
20,31
91
31,44
66
37,44,32,25
15
8
42
87
8
77
62
12
60
53
84,100
78
77
46,32,26,97
20
8
19,46
43,77,44,68
20
49
99,19,28,49,45
100
9
51
16,75
22,44,35,26,68
52,26
64
80,68,25
92
8
20,48,62,47,67,77,25,65
99,18,13,10
90,77,27
36
20,16,8
39
40
8
20,44,46
14
22,74
44,69,3
18
23
99
65,91
37,78
23
10
12
64,11,52,34,59,77
61
44
44
83
20,37
99
3,6,44
27
31,8,73
8
31,20,19
7,89
37
8
12
20,8
19
73,31,19,12
44,56
96
13
12
40,27
12
58,12
8
8
85,23,34,17
81
8,85
23
25
46
44
19,58
49
10
41,88
75,68
62
6,44,7,69,65
46
58,12,26
19
11,75,68,78
19
19,8
80
4,20
36
93,75
14
32,26
87,19,53
55,91
37,96,10,78
20
74
19
92
8
12
16
95,51,32
44,46,99
51,72,12,68,45
46,26,97
46
88
80
22
34,74
20
62,75
62,12
58
24
65,58,17
23,9,66,20
22
26,49
60
20
63,42,36,17,24
52,28
42,63
87,75
83,12
34,80,25
27
12,26
25
50,56,23,70
61,73
52
44
8
27
91
90,59,26
44,73,28
8
52,67
99
8
8,85,49
20
99
46
90
87
20,70
83
14
52
40
58,35,20,12
32
19
30,96,75
58,23
67,23
31
45
53
44
98,12
47,66
28,81
37,78
62
34
60
25
61
44,6
23,59,92,10
78
14
14,43,94,11,89,10
16
8
8,6,44
80,25
25
46
20,8
96,44,93,97
67
55,75,71
87,61
67
61,25
44,7,93,81
7,98,37
40
40
46
1
11,25
44,68
28
93,44,25
19
34
8
25
56
73,68,24
2
51,91
25,1
51
31,23
11,58,9,20
71
11
16,4,61
25
64
33,13
12
37
67,42,23,59
68
46,65
98,44,10,65
23,25
19,75
32
72,16,62
89,94,42,82
58,25
8
6,93,46
29,30,69
21
25
23,58
15
51,25
28
40
35,20,19,83
28,34
6,19,20,32,12
52,51
48
58,94
28
40,99
62
99,25
56
20,19
8,78
84,83
8
37,11
33
7,14
40
77,51,10
53,74
100
58,86
51
82,42
44,73
40
55
69,68
53
65
44,68
36
40,19,30,29
12
2,90,3,23
93,26
97
9
11,49
36
44,93,3,37,55,41
4,20,99
23
53
74,44
34
89,8,49
62
66
14,54
21
8
78,49
75
77,20,26
4
38,73,20,91
44,74,8,86
68
95,27,11,20,5,18
8
12
8,58
81
25
32
61
49,10
44
20
8
89,38,46
11
9,8,20
99
42,74
7,25
13
57,78
56
75
96,47
8
8
52,12
30,29,68
94,58
99
46
8,20,46,10
81
65
51
44,61,12
46
51
16
30,29
20,19
73,12,81
44,6
16
30,29
53
20,19,23,63,82,12,81
33
7,6,25
23,8
23,34
12
62,46,22
9,8,67,25
64
15,19
62
47,43,78
92
73,46,32
44,33,8
11
3
52
29
35,58,48
30
31,26
18
34
20
59
18
8,25
11
23
73
94,53,10
93,73
18
4,69
16,60,77
4,3
60
56,51
34,11
90
59,9,66,67
85,28,12,49,78
55,79
20
73,97
23,58,75,97
90
8
46,67
20,73
69,4
8
16,12
26
56
23,73,35,61,78
41
8
59,68
16
44
21
42,81
8
73,48,38,83
77
89,19,45
44,40
11
3,55
38,20,55
40,28,74
63
14
20,8
73,46,45
56,46,44
78
44
55
62,44,54,12
27
28,84
77,29,8,87
44,11,65
8
8
65
40,52,51
57
30
57
8,84,20
27
33,35,53
56,87,6
2,46
8
75
60
10
68
8
98,27,78
3
11
58
56
49
2,34
86
67,83,23,88,36
7,8
44
46,68
4
53
45,97
68
92,26
29
46,12
52,5,20,11
8
77
40
37
11
8
8
40
46
44,46
34
33,18
90
8
64,10
41,69,68
72,3,48
21,26
73,94,64
11,73,37
88
25
51
20
8,91,78
81
46,9
46,77
27
99
45
26
11,92
43,85,26
6
57,10
44,57
46
8
69,72,46
25
94
12
12
14
27
99,40
44,72,34,88
57
18
28,10
30,29
38,62,23
72,51,31
61,34
55,28
10
73
11,37,10
53
44
12
8
89,8,19,50,42,82,63,12
93,98
58,12,100
27,4,26
9
66
4,21
23
46,26
45
8
38,46
60,26
12,25,79
19
64
83
67
99
87
18
66
8,32
34,60,17
74,56
46
31,20
62
4,46
67
46,97
60
85,6,44,8,25
22
91
27
74
74
20
18
42,63
18
8
74
46,10
74
62,32
27,49,25
19,8,31,20
62
23
61
46,97
11
98,93
94,79
83
46
8
59,12
22,78
11
18
55,9,25
75
12
19,38
20,40
20,31
14
20
61
88
98,44,81
8,68,91
46
4,44,6,17
57
44
73,75
64,11,58
68
20
56,75
70
27
20
8
45,71
79
52,20
20
23
92
96
16
19
20
14
11
28
51
25
44,24
59,49,25
20
65
14
44
79
86
60,8,12
65
44,69,46,93,67,82,12
27
42
44
44,49,45
64
45,49
68
83,58,68
75
21,45
2,46
31
92,48
20
20,45
53
66,58,31
46,48
55
59,18
19
65
28,2,91
18
73
45
52
32
69,88
8,19
51,81
14,58,89,94,85,8
44,46
33,23,12
12
18
51
62
17
45
83
62,59
90,28
31,20,44
44,15,8
51
51
48,31,20,35,58,85,38,46
7,3,27
92,44,10
8
41,19
4,69,51
73
72,8
98
46
8
22,51,73,20,12
35,85,75
27,8,26
46
61
2
81
23
57
8
78
46,37,82
72,12
14
11
40,8
6,60,41
36,59,100
68
100
18,10,13
29,38,1
83,79
14,61
53,65
31,29
69
61
11
86
85
8,41
42
34,15
59,47,34,12
85
94,3
3
57
93
44,96,25
16,25
46
81
18,63,42,33
23,19,17
44
19,12
20
42,50,73,8,38,17
20,10
66
27
11
16
12,10
26
51
39,12
39
52,34
73,44,38
95,48
23
68,25
20,12
73,55
92
61,26,49
58,11,20
46
9
58
26
56,46
14,90,21
10
11,38,23
72
34,72
67,27,23,5
66,44,58
8
68
55
85
98,39,46
27
53
8
44,46
20,97
28
17
66,92
53,12
60
67,51,20,25
5
42,63,56
99
22,25
42
23,28,71
52
18
20,94
80,37,69,68,78
25
34,58
21,16
44,72,11
8
42,82
85,32,25
44,98,57
55
8
58,80,36,68
6,49
34,71
46,65
27
74
47
45
46
14,20
59
44
48,77
73,51
12
71
8,35,20,90
87
46
46
20
29
83
23,25
20,28
68
59
23,27,8
8
36
20
44
20,46
44
52
29,46,68
27,68
8
68
46
53
44,46
20
66
99,27
53
12
23,24,37,12,25
44
34,8
35
38,15,51
38
27
53
94,58
40
67,26
38,8,85,12,25
67,96
55
8,20,19
20
47
30,25
14
46,19
6,44
46,19
11,66
99
8,78
8,78
14,58,26
20
5,7,25
11
74,53
63,78
31,20
51
82
23
40,79
43,73
44,99,62
69,4,28,97
44,93,29,30,75,68
61,11
15,20,27
58,94
46
8
3,69
8
5
1,80,66
74
6,3
23,46
8,86
59
52,50,82,42
23,52,9
73,46,56,45
2
28,45,10,71
43
82,63,42,50
48
98,51
83,56
62
12
26,25
55,68
23,5
62
8
46
34,62
48
46
78
38
74,100
29,68
18
11
18
52,16,25
20,31,25
25
59,49
58,35,20
23,72,1
8
73,46,38
55
34
25
8
4,67,16,97,49
20,19
21
18,10
89,94
44,46
58,20,19,8
65
62
75
20
26
55
53,10
45,49
42,78,71
2
64
59
44,34
51
27
87
37
51,77
9,1
72,97
8
91
44
24
75
75
62
14
35,49
20
4
36
29
18,70
44
18
8
65
27
8
84
8,12
22
27
46
61,74,56,79
68
14,8
6,7,52,67,94,58,56
88
8
10
84
27
52
87,75,97,49
62,47
36,73
53
67,60
73,51
25
44,8,98,68,49,65,78
2
12
14,55,78,71
18
51
15
73
57
26
12
73
48,23
2
28
21
48
14,4,23,79
98,7,8
60
8
95,6,46,44
80,8,98,37
2,8,86,95,67
73
30
95
19,20
86,68,49,78,81
56,8
60,81
89,29
41,79
88
44,46,81
89,94,8,81,25
11
73
8
11
15,19
8
44,86
39,46
69,12
58,57,68
44,36
62
33
19,62,1
28
34
46
19
58
81
20
92
28
8
89
46,12
3,4,69,28,74,12
64
46
63,42,50,38,9,8
91
27
62
39
52,8
96,68
51
37
28
90,54
14,8,67,7,6,97,79
8
18
11
46,99,16
33,13
14
44
5
92,9,38
8
82,63,42
8
52
93,37,79
69,57,4
20,8
68
3,51,39
55,28
8
58,67
59
29,80
8,79
6,7,8,93
39
31,54,11
14
93,8
12
3
26
25
3,12
8,33
44
28
8
20,62,19
19,76,43,10
23
8,75
44,34,16
20,82,59,99
69
94
93
19,55
14,7
23
67
67
95
14
25
55
11
74,44,20,25
51,81
64
25
13
12
76,49,25,10
64
19,20
59,16,25
14,57,12,26
20
81
16
62
90,98,28,25
23,66
44,46,1
15,19,46
18
20
14
19,42,20,23,65
86,83
21,59
8,4,17
69,41
29,68
20,60
55
46
44,83
52,53
62,93,53
23,73,12
34,8
48
58,18
74
46,12
95,8,44,92,100
30,29,44,8,26,68,79
26
49,10
51
31,94
93,34,57,81
73
20,37
31,20
8,10
10
71
31,20
58,83
23,46
51
64
28,15,70
8,69
83
95,19,61,73
94
99,27,75
12
75
8
61
85,68
89,19
31,20,19,27
37
63,69,41,37,42,70
77
12
82,23,42,67,66
27,23
90
13
43,54
51
58,35,29,39
28
14,44
21
31,36
89,94,67
60
8,84
39
72
96,99,76
27
68
27
20,52,25
87
93,44
85,48,67,23,70
99,15
28
4,69,55,19,97
10
64,59,51
67,19
67,8,68
30,26,68
8
44
34,48
23
27
23
62
72
36
44
25,24
28
39
25
48,25
5,23,42
18
57,20
29
8,32
31,11
86,31,20,19,33,12,10,71,13
12,68
56,34,21,36,17,25
82
51
66,34
8
10
27
87
22,84,6,46,44,7,68,78,1
25
20,19,21,40,12
59,3
10
99,50
57
86
61,2,49
61
46,20
8,1
93,25
36,25
94,8
12
23,54,10
46
28
28
11
20,26
77
75,78
8
14,62
55,44
28
62
29,20
64
44,25
55
38
88,25
21,54,67,68
74
11
74,8,45
63,82,19
20,44
59,13
11
83,75
58,55
89
92,8,62,17,78
34,8,77
23
29
8
15,27,6,46,29,30,16,44,36,25
46,12
26
71,78
12
94,11
70
46,78
44
52,90,44,26
8,91
46
93
34,19,90
34
44,46,93
23,46
27
31,58
18,44
64
8
28,15,23
58
51,83
21
33
84,96,34
90
33,12
91
44
33,18
67,34,25
48
40
8
44,23,12
9
20,8,33
50,73,62
33
62
58
75
20,44,23,25
48
53
11
12
80,3
25
46
34
74,20,44
53
4,5,6,36,46,49,25,78
42,46
61
90,45
63,87,42,50,27
99
17
12
40
16,21
73,61
75
2,49
20,23,79
69,4,44
18
16
13
69,91
80
27
19
87
28,35
34,37
18
66
99,81
16
8
61
44,49,45
20,32
67
37,8
29,30,80
61,45
38
62
83
34,20,57,7,45,10
59
78
8
43
28,32,75
26
44,52,17
28,97
49,78,71
80,52,1
100
73
53
76,81
55
52,83
40
76,77
61
58,95
95,78
46
18
18
53
89,90,8
8
8
46
46
19,8
55,47,25
8
64
35,8
31,19
28
34
10
35,2,20,68
51,8,58
36,8
6,38
8
14
61
4
58
75
99
12
27
76,43,54,61
33,13
8,19,20,44
51
93,51,49
14,90,11,43,76,17
74
86,89,12
20,34
68
71
7,44
8
30,34,23,68,99,78
20
41,66
48
8
90
8,75
27
81
20,51
34,7,44,60,24
18
87
8
19,72
69
50,12
85
8
49
100
19,20
95,26
5
25
95
46,17,25
66
1
8
8
92
8
29,30
77
18
12
28
34,10
47
29,30,61,44,37,26
58,55
15,73,1
52
18
19,12
7,6,70
24
21,38,78
43,94,58
28
18,82,63,70
8
93,34
6,51
59
4,3,69,62,12
26
87,12
16,56,44
74
65
90,8
55,46,99
29,58,8,62,45
23,44,3,49
46
49
38,85
23,74
44
84
81
40
58
86,38
8
87,45
16,40
34,44,84
28,82,42,50,44,70,65,10
12
21
40,61
76
22,54,20
100
28
87
4
20
63,42,25
68,25
60
28
51
21
37
51,81,25
20
53
89
20,90,45,71
23
14,19
45
16,38,44,25
51
62
53
46
90
14
19,20,8
77,60
74,19,33,61
12
12
46
40,28
82,50
34
34,93
28
44,8,23,49
65
63,44,12,45
28,4,90
42,46
74
55,4
34,57
59
23,79
20,31,23,8,68,79
92
20
2,87,67,20
14,83
48
62,97
4
28
51,30,22
18
94,58,8
61
27
67
4
62,68
40,42,63,70
95
14,46,37
14
75
79
99
5,12
34,37
22,2,19
60,68
51,73,38
30,62,29,49
94,89,78
33
16,73,46,12
42,98,49
93
56,32
9
62
12
68
57
15,73
44
3,16,2
16,36,11
8
44,34,25
67,23,61
23,20,19,8
53
29
65
25
73,61
98
20,45
79
73,8,74
44
58,11,5
58,12,26
14,19
8
6,44
53
36,47,8
28
46
46,68
34,8
36,75
8
88,44,93
35,58
21
20,61
62,45,10
88
48
68
85
26,65
63,41,28,54,42
2,77
79
51,31,20
27,99
27
68,78
52,55,73
59,12
57
53
22,44,55,74
88,68,25
41,96,69
22,4,62,44,93,25
89
96
16,25
29,3,26
8
74
92
75
52,67,46,25
18
83
56
59
75
78
20
8
58
35,58
27
8
44
52
62
66,37
31,51,67,7,6,78
22,16,20,60
46,73
35,9
20
19
44,7,53,98
8,97
51
31,8,20
7,98,11
46
8
53
79,24
57,36,39,97
27
84,76,43
6,44,46,12
12
94
44
23,76,43,44,46,19,31,20
8
55,100
67,40,47
34
55,8
27
23
90,42,82
75
25
11
46
13
22,1
83,58
46
11
62
8,73,72
31,20,11
74,61
16,18
9,61,20,46,12,10
26
8
53
23,63,25
55
26
4
24
8
5
61,26
18
36
34
16,26
60,12
37,18,13
50
62
31
73
43,12,91
60
20,8
73
92
46
48
24
19
8
44
77,53,97
2,8,75
40
34,84,44,81,65
37
18,12
12
19,23,94
8,75
44,55,81,1
32,12
44
55
67,83
11,26
66,85,92
50
9,90,8
52
28,25
81
19
44
44,6
14
51
96,68
87
95
29
42,63
76
49
8,47,9,68
46
68
45
33
34,59,23
18,79
53
68
26
20
77,44
28,75
68
46,25
50,63,42
58,73
8
33,37,20
62
55
51
14,57
87
21,12
63,42,12
60,78
20,45
30,29
8,12
80,51,29
61
40
48
25
34,44,57,74,73,26
21,10
20
87
16
14
51
93,8
33,13
19
40
90,30
8,44
99
40,34
25
8,98
56
39,3
10
8,94,89
25
90,46,97
60,47
97
60
23
8,26
19,31,20,3,8,26
20,31
11,58,68,10
25
51
20,19,8
96
20,8,31,26
27
44,58,26
62
18
44,6,97
87
99
25,24
62
12
72,38,23,47,12
14,37,60,97,25
26
43,21
43,76,24
20,7,98,37,44,8
28,44,91
20,53
18
18
34,83
3,20
52,49
56
26
81
68
64,12,68
8,26
46
61
28
46,20,31,55,32
98,25
20,82
63,42,20
20,56
8,18
53
19,20
44,8
52,44,45,49
12,1
51
48
23,67
52,63,94,8
31,20,10
10
73,25
32
18
58
59,23,74,53,97
20
98
30,29,80,68
21
53
99
46
18
62
90,51,93,20
92
96,25
57
48
28,97
58
56
44
25
52
30
55
62
11
16,91,79
61,90
66
100
92
19
63,42,8
88
52
18
58,23,53
36
33
77,52
56,75
73,39,23
68
19,45
44,26
20
34
33,13
61,23,85,89
31,23,20
69
46
44
20
60
19,73,25
46,29
44,6,45
8,58,100
34
53
18,10
8,86,94,65
96
83,16,44
53
28
48
46
8
61
65
84,11
23,5,79
22,53,71
26
38
80
58,20,73,23,46,74
11
27,37
29,20,4,3,30,46,44,37,26
66
58,67,19
69
58
18
34
16
57,45
94,58,8
10
46
62,25
25
56
47,46
68,25
8
52,40,98,65
38,73,31,58
46
26
44
13,67,18,33
40,20,99
62,25
88,73,97
18
2
14
92,59
14
73
11,77,34,84,83
27
87,73,19,38,26
19,27
51
12
39,53,42,20
8,12
93,90,59,51,12
8
51
40,19,30,29
38,46
34,62,72
28
92,53
89,69,46
46
44
53
12
8,91
83
28
19
58,31,20,21,75,45,49,10,71
49,71
19
20,11
93,44,45
44
11
23,13
56
8,46
16,93,29,37,74,26,24
11
9
12,75
8
44,8,100
27
38,23
4
88
51
8
53
55,23
96
8,34,44,25,65
55,75,91
53
25
93,37,55,79
20,41
31,19,20,12
11,62
16,53,20
8
61
43,12,70
62
68
51,28
14,95,86,79
8,95
12
28,33
8
53
20
61
88
68
57
14
88
89,33,79
63,42,17,71
45,10
19,53,8
14
54,42
32
41,6
53
68
11,1
16,2
74
37,28,7,6,12,78
8
24
75,70
82,42,50,62
55
45
52
39
46
11,85
34,58,64
20,92
20,19
58,23,52,21
77,62
90,93,87,55,25
75
20,35,12
18,5
44
8
44,34
62
41,72,83
25
3,41,90,44,97,25
46,26
12,13
4,69
12
51,54
64
91
46,19
32
81
88
6,93,20
88,11
8
8
73,99,61,12
46
62
15,23
23,18
44
81
19,58
36
23,31,67
44,89,20
9,8
27
58
8
76,44,59,25
80
28
67,46
33,18,13
87,23,82,50,42,46,70
2,44,28,90,62,45
61,73,20
52,5,81
86,94,12,10
38,46
33,18
87
12
40,44
77,48,12
46
39
52
12
43,76,99
51,75,49
34
87,10
41,8,75,45
6
83
20,31,3
30
98,28,100
14,23,8,20
99
46
23
28
41
74
63,42,82,44,5,36
26,91
74,37,44
94,49,10,71
8
96
58,48,25
75,1
44,68,71
79
8,25
8,32
67,54,24,7,6,8
4,68
19
38,19,73,62
1
42,44
23,44,36,8
34
37,20
79
44
53
8,35,58
42,50,12
20
20
34
8
73,23
37,46
12
19
11,49
26
58
58,95,28
51,28,98
14,12
8,45,78
89,73
33,20,12,13
19,34,53
51
53
14,34
20,8,10
88
8
14,93,46,41,12,1
26
44
68
19
75
75
20,7,44,87,56,25
35
52,25
20,46,19
59
46,9
37
23,31,20
49,71
58
68
33
14,28
27
20
12
97
14
30,29,68
12
70
38,53
58
3
67,81
60
74
2
34
20,30,29,68,45
37
46
37
25
16,35,67,83,53,12,25
21,19,51,89
52,36,58,53,12
19,68
3,44,78
83
44,8,77
46
48
32,12
65,18
42
23,68
95,6,66,78
56,88
40
67,23,44,46
31
43,15,19,8
12
73,44,94,46
28,72,54,3
10
8
11
95,21,20
16
51
23
57,81,78
83
36
41,19
14,6,37,46,44,86,25
67,5
12,10
44
8,3
48,46,65
58,36,60
42
99
68,78
14
35,20,23,56
94
4
58
67
58,48
72,8
45,49
14,3,62
25
8,17
75
6,7,44,11
11
86,12
8,81,71
34,20,25
27
56
8,91
11,7,6
31,94,52,67,12
6,44,68
58
14
75,79
10
63
79
23,5
90
33,1
12
67,8,20,19
4,69,55
51
27,32
50,23,42,28,15,19
7
95,66
20
41
64
74,52,44
33
21,78
8
28
60,25
99,53,51
25
56
61
38,35,20,73,79
94
58
33,18
14
73,8,44,52,25
28
14,58,35,20,62,94
46
39
34,60
42,50,99,28,26,71
15,25
34,25
79
19,58,31,20
39,37
40,52,53
62,8
51
62
23,25
20,8
83
53
61
72,60
44,52,53,25
80
8,38
4
68
26,12
3
23,4,3,8,26
34
66
12
55,68
23,39,25
26
10,71
34
27
47
46
12
50,58
14,70,71
44,6
19,8
18
27
57
8
19,20
18
51
47,56
34
90
12
43
8,97
8
60
61
8
13
44
94,70
80
36
20
51,49
37
80
67
94,73,10
23
21
2,37,3
20
12
12,17,78
34
19,8,44
36,67
44
76,46
87,16
51,10
31,58,70
11,25
8
57
9,48
8,54
8
94,73,52,85
3
8
34
19,34,12
44,39
62
44
44
44
68
8
22
9,8
46
43,76
19
30
20,19,8
46
19,99,4,3
40,25
27,10
93,68
3,36,31,73,62
8
77
61
28,26
73
59
20,46
33,99,60,7,8,18,62,20,53
1
40,74
56
23,8,25
42
57,44,7,79
21
44
94,66,58
20,79
67,37
44,8,7
94,34
83
88,25
29,30,69
11
67,62,3
60
15,46
87
52,84
18,12
6,62
8,26,49
46
47
35,20
12
69,97
9,32,10
33,44,52,20,62,13
99,8
52,28
19,93
61
39,67,12,1
88
33
8
51
76,89,43,78,71
6,12,65
69,44,50,4,97
81
46
62
39
18,5
23
18
1
61
77,8,20
20,19,8
73,8,25
62,32
24
8,49,78,71
12
9,58,77
83,25
28,34,20
65
20
88
100
43,19,46,20
36,23,84
11
27
4
29,68
25
30,27
60
53
62
52,73,19,62,44,12
14
20
93
46
65
34,35,58
53
11
3
35,20,27
66
73
42,68
19,20
8
67,20,60
21,16
12
33
8
51,78
12
46,25,65
33,18
62,100
75,97
28,10
73
69,8
42
26
73,20,53
8,38,37,22
46
60
34
62
43,62,12
44,75,26
36
51
19,20,67,23
11,71
51,83,68,81
50,42,63,37
46
8,77
44
42,49
23,25
7,6,46
44
12
18
25
93,25,24
61,20,49
88,78
15,93
10
25
38,80
94
100
67,75
3
28
8
23,5
19,23,46
8,44,6
75
28,78
8
66,49
29,61
44
39
11
75,91
44
58
18
16,39,83,54,14,65
52,18
33,12,13
69
2,20,57
12
4,67,75
99,18
3
90,29,68
28
8
48
68,25
60,11
72
37
14
96
60
85,8
75
63,42,66
34
93,44
44,7
8,4
31,20,23
58
68
96,79
87,85
8,25
44,6
26
44,47,87
8,20
18,10
67
20
12
69,54,28,3
2,22,62
47
68
99,20
37,71
74
5
59,44,6,46
12
41,98
12
42
25
72,20
4,3,2,25
98
58
34,46,19,20
1
82
73
28
34,29,44,30,46,75,68
64
72,97
44
44,6,7,37,8
2,57
87,42,50,97
21,71
34,61,12
2,25
94,86,57
73
37,90
8
44
36,66
44
20,91
51,20
37,56
69,44,67,3,8
44,8,19
96,47
15,38
28
12
20,75
31,20,44
20,67,75,49
83
51
8
28
93
92
58,44
83
52
14,56
74
14,8
69,96
37,11,42,63,39
8
63
8
4,93,12
2,74,8
87,40
72
77
12
54,42,8
8
68
56
39
51,57,37
4
73,25
46
50,86,94,58,44,25
36,25
47,37,44,26
37,55
35,58,12
14
42,82,98,85,57
8,12
12
62
8
8
39,50
8
8
73
20,55,1,36,25,79
51,99,81,1
82,70
44,6,42,82
59,25
6,44,8,59,4,100,24
19
92,95,39,58
48
93,34,44
8
90
23
8,20,19
49
11
9
28
14,8,65
58,11,25
49
16,60,11,67,25
21,20
33,13
34,67,49
8,56
46
94,89,85,46,44
58,31,20,51,10
43
90,55
61
31,20,62
44
15
25
63,65
68
79
52,62
31,20,25
23,67
43,12
8,27
20
14
12
100
52
18
31,20
1,6,90,57,97
16
4
94,58
3,12
16
75
28,78
33
69
8
67
60
62,73
60
28,44,24
20,66
19,73
52,20,31,19,23
83
34,28
51,99
20,53
74
18
33,13
12
68
83
15,20
26
51
25
97
3
99
90,4,92,23
3,28,19
94,89
46
14,20,39
16,69
73,19,62,44
14,73,54,8
31,58,49
52,51,4
55
8
36,67,23,5,11
44
44,4,6,97
20,55
66,6,44,26
8
44,25,78
44,25
73
46,78
73
10
56
73
11
44
20
14,41,10
51,75
8
58
66
28
20,10
83,67
38,77
20
26
8,20
34,25,16
67,87
54
55
20
14,19,53,20,42,63
8
30,68
92
20
60
94,89,86,51,77,68
46
91
18
28
99,27
26
34,66,25,79
58,25
66
49
35,26
44,49
19,8
63
89,12,10
69,4,3
61
11
64,18
68
19,20,10
44,35,42,82,19
11
67,34
83
44
87,23,62,26
11
8,32,26
20
28,20,3,19,65
25
44,25
93,4,6,83,44
24
34,23,57,12,70
8
37,26,78
34,11
57,83,25
17
4,36,9,20,35,39,58,25
8
25
25
62
73,62
85,73
95,87,47,67
25
8
48
40,28
20,21
14,8,20
60
41
18
76,56
54,18
53
67,54
18
20,26
71
95,93,49,81
67,58,46,94,26
63,19,8,70
27
41
11
28,49
73,38,25
14
8
59,25
8,12,79
44,21
38,23,49
59,27,45
50
34
74
5,45
46
33
25
12
34,8
23,8,75,78
43,76
65
86
53
18
12,71
14,34
94,67,23
98,79
42
96,49
44
85
18,23
58,20,19
26
12
19,62,12
83
20,58,8
32,23,53
36,67
15,20,31
46
53
73
20,19
60
8
89,84,58,94,8
10
34,74,44
87
39,25
48
27
61,51
64,5
53
52,19,12
93
87
51
9,43,6
87,20
80,44
19,20
36
37
21,26
8
26
60
31,97
10
88,12
20,12
23
52,24
25
14,67
5,27
47,93
79
43
27
2,51
8
68
21
73,19
34,1
8
40,28
8
8
28
11
20,19
40
66,81,25
96,73
44,74,36,5
74
46,22,73,20,49,78
14,30,22,8,68,45
27
46,12
46,32,49
4,7,6,55
8
8
53
38,86,46
51
16,2,80,49
48
58,46
21,11
4,23,37,8,69
59
61
26
21,9,78,71
16,6
33,99
75
74
57
8
98,46,44
20,42
77,25
14,68
22
16,25
8
93,46,30,54,26,97
26
69
19,38
37,12
74
42,8,78
30
46,42,71
12,17,78
99,27
99,44
14,8,63,12,70,78
52,44
14,85,62
53
44
77,67
46
56
8
4,97
35,23
80,74,44,68
90,98,25
47,16,73,95
8,68
93,6,69,7
14,71
20,99,36,58
91
53
20,19
8
44,67,16,25
8,67
73,99
89
37,32
8
22,8
41,3,4,69
5
28
61
51,19
96
51
19,20,54,73,86,10
67,71
57
44
53
18,30,29,68
44
8
55
20,8
34,26
28
20,44,67,38,46,68,25
18,10
37,48
2
28,2,100
44,10
36
34,44,8
94,86,57
41,49,45
2,81
16,44
83
28
20,15
8
46,26,75,68
28,81
30,29,75
20
8
58
98
61
36
72,44,28,17
52,8
90
55
20,58,67,47
27,15,19,20,68
22,7,5,28
96,44,32
20,31,46
46
4,68
54,12
46
57
31,28,20
14
8
8,68
8
8
46,12
26,71
19,38,49
51,75
12
44,8
46,8
20
62
22
62,25
58,94
8
33,18
67,5
34,22,58,37,67,12
51
77
5
52,68
16
99
39,73
35,20,12,97
44,19,46,71
56,46,44,72
34,23,8
96
40,46
8
64
8,15,12
76,43
2
18
83,25
95
68
8
37,20
27
52
8,12
59
45
4,38,39
8
12
62,86
62,23
46
65
47,48
33
20
40
44
82
60,25
6,81
27
43,76,71
33,13
61,52,25
44,53,12,25
12
14,72,38
83,25,10
9
45
90,51
2,8
2
36,44,96
68,78
68,24
94,89,8
94,12
20
91
40
52,24,10
48,12
29
49
46
20,44,25,79
80,25
18
6,46,68
67,92,17
90,8
57
56,27,49
53
55,26
69,75
80,62,8,68
100
34
56,3
22
14,20,31
44,25
85
53,64,10
68
33,18
54,67
28
30,29,68
20,62
58,41
8,12
75
33,18
53
9
40
27
23
20,8
83
20
20
11
54,19
52,20,25
8
11
10
23,11
46
5
8
69,4,20,55,28
44,8
33
65
60,25
36,11
10
8,79
20,27
18
8
99
89,94,25
40
4,87,46
19,62
36,6,44,7,66,97,65
81
7,37,51,44,49
21
20,31
80
42,17
59
53
29,68
37
55
25
77,66
44,16,3
90
47
64
83
52
53
99,32
92,66,34,9
33
27
8
11
66,36
8
11
23,72
14,43,94
20,73,46
28
67,60,68
8
88,80,57,87,68
60
99
53
44,23,12
58,31
28
34
27
46,75
42
23
18
62
44
18,6,7,65
46
8,10
1
44,97
36,77,44,12
62,44,17
89,12,10
8
16,56,96
100
25
51,68
12
62,65
46
46
16,25
68,71
14
31,20,28
40,87
83,73
83
54
9,36
52,20,62,44,8,19
8
4
43,20
62,92
43,76
67,96,84,94
44
58
51
34,20,25
23,44,26
57,4,50,69,42,17,78
74
20,62
23
25,1,51
6
55
46
61,25
94
44,61
73,8
59
14,8,12
65
8
23
8
62,16,77,25
2,28,49,81
96
77,55,40
11
61
34
39
3
53
58,66,42
53,12
73,20
11
19,20
29,30,41
80
33,99,13
34,93
2,20
46,81
20,51
74
76,43,62
61
23,46
20
54
37
15,8
61
14,57,26
42,79
37,30,29
43
27
56
47,68
42,62,63
66,9
27,56
8
67
4,12,10
34
46,98,12
25
60
66,98
62,45
64
73,26
8
95
2,80
74
59,17
26
47
51,8
34
6,46
25
8
75,91
8
18
33,23,13
20
46,12
52,94,46,39,44,97
16
94
27
8
68
56,100
25
46
55
95,67,71
23
8,95,20,49,17
49
100
98,44,4,28,12,25
44
40
12
73,99
94
19
26
54,25
46
43,20
77,44,6,7,78,79
44,46,97
33,27
84
98,7,23,59
80
28
23
88,58,78
18
99
34,8,25
20,79
42,19,28
20,35
12
82,50,42,70,10
23
68
8
52,7,93,42,62,70
56,23,11
44
8,45
79
12
68
52,15,19
23,7,6
50,42,8
97
89,53,70
61
88,23,49,25
18
18
46
37
11,12,49
44
25
23,53,54
79
12
64,16,34,17
8,99,12
44,40
8,73
19
20
99,45
27,45
23
38,88
23,67,26,25
88
48,92
20,11
8
58
15,97
54,72,53
20
26
64
28
68
23
23,59
39
51
94,89,73,64,70,65
11
40,46
4,59
72,51,25
63
8
19
30,68
34,27
37,12
16,60
25
67,65
83
42
8,12
8
16
8
52
93
45,49,17
80,38,22,75
1,75,81
20,53
12
27,76,25
66
64
23,8
36,2,59,84
24
42,8
34
14,49,17,10,78,71
8,20
99
8
65
21
8,91
62,68
42,88,7
8
8
23,12
59
20,98,57
8,24
23,19,20
20
8
19
74,77
55
34,21
62
19,20
39
19,94,54,53
20,8
14
23,73,8,19
94,89,11
72,27
78
20,48
14,89,76,43,94,86,83
20,8
19,46,12
18,19,12
5,34,63,23,18
46,59
20,8
18,68
15,20
44,52,99,61
18
73,75
44,48
61,75,16
26
14,8
27
16
8
46
71
48
51,16,25
46,44
8
94,26
59,78
16
8
25
90,36,93,44,17
23,11,70,25,79
11
55,20,71
60
14,5,98,58,36,53
29,30,68
8
57
67
40
61
34
55,56
47
44,23,61,25,10
27
52,22
20,62,12
74,8
51
90
73,8
56
8
